Case_ID,Clinical_Note,Planned_Action,Ambiguity_Type,Ambiguous_Flag,Urgency_Level,Expected_Clarification,Expected_Escalation,Clarification_Outcome,Human_Decision,Override_Reason,Note_Quality,Translation_Quality
CASE-0001,Consultation Summary: Asthma exacerbation resolved after nebulization. Continue inhaler and come back soon.,Come back soon,FOLLOWUP_TIME_MISSING,1,ROUTINE,Specify the exact follow-up interval in days or weeks.,ROUTINE_CLINICIAN,Resolved,CONFIRMED,NONE,MEDIUM,STANDARD_ENGLISH
CASE-0002,,,MISSING_NOTE,1,ROUTINE,Clinical note is completely empty. Manual clinical review required before patient departure.,MANUAL_REVIEW,Resolved,REJECTED,False positive,EMPTY,STANDARD_ENGLISH
CASE-0003,Hypertension consultation. BP recorded at 135/85 mmHg. Continue daily Amlodipine 5mg. Schedule follow-up visit on 15 September.,Follow-up on 15 September,NONE,0,ROUTINE,None required,NONE,Not Required,CONFIRMED,NONE,HIGH,STANDARD_ENGLISH
CASE-0004,   ,N/A,MISSING_NOTE,1,ROUTINE,Clinical note contains only whitespace. Manual clinical review required.,MANUAL_REVIEW,Resolved,REJECTED,Patient preference,EMPTY,TRANSLATED_ENGLISH
CASE-0005,"Minor head injury evaluated, CT normal. Patient advised to return for follow-up after some time.",Follow-up after some time,FOLLOWUP_TIME_MISSING,1,ROUTINE,What exact date or number of days should be used for follow-up?,ROUTINE_CLINICIAN,Resolved,CONFIRMED,NONE,HIGH,DIALECT_ENGLISH
CASE-0006,Nurse Triage Note: Pediatric fever settled. See nurse next Monday.,See nurse next Monday,MISSING_ACTION,1,ROUTINE,"Specify the action needed (growth monitoring, repeat temperature check, vaccination).",ROUTINE_CLINICIAN,Resolved,CONFIRMED,NONE,HIGH,STANDARD_ENGLISH
CASE-0007,Rural Clinic Visit Note: Skin lesion showing irregular borders. Refer to expert if needed.,Refer to expert if needed,UNCLEAR_SPECIALIST_REFERRAL,1,MODERATE,"Specify Dermatology referral trigger (biopsy result, size increase) and referral priority.",SENIOR_CLINICIAN,Resolved,CONFIRMED,NONE,HIGH,TRANSLATED_ENGLISH
CASE-0008,Patient with fluctuating blood glucose levels. Someone should review the patient.,Someone should review the patient,UNCLEAR_RESPONSIBILITY,1,ROUTINE,"Who (duty doctor, community health nurse, endocrinologist) is responsible for review?",ROUTINE_CLINICIAN,Resolved,CONFIRMED,NONE,HIGH,DIALECT_ENGLISH
CASE-0009,Patient presenting with lumbar muscle strain. Continue treatment for some time.,Continue treatment for some time,VAGUE_DURATION,1,ROUTINE,How many days or weeks should treatment be continued?,ROUTINE_CLINICIAN,Resolved,CONFIRMED,NONE,HIGH,DIALECT_ENGLISH
CASE-0010,Patient consultation for chronic back pain. Follow-up in one week.,Follow-up in one week,MISSING_ACTION,1,ROUTINE,"What specific action (BP check, lab test, medication review) is required at follow-up?",ROUTINE_CLINICIAN,Resolved,CONFIRMED,NONE,HIGH,TRANSLATED_ENGLISH
CASE-0011,Suspected glaucoma with elevated intraocular pressure. Refer to specialist if necessary.,Refer to specialist if necessary,UNCLEAR_SPECIALIST_REFERRAL,1,MODERATE,Which specialist department (Ophthalmology) and under what exact criteria?,SENIOR_CLINICIAN,Resolved,CONFIRMED,NONE,HIGH,ENGLISH_NATIVE
CASE-0012,Fungal skin infection on forearm. Apply anti-fungal ointment for a couple of days.,Apply ointment for a couple of days,VAGUE_DURATION,1,ROUTINE,"Specify exact duration of ointment application (e.g., 7 or 14 days).",ROUTINE_CLINICIAN,Resolved,CONFIRMED,NONE,HIGH,ENGLISH_NATIVE
CASE-0013,Post-op wound check day 7. Wound healing cleanly with no signs of infection. Sutures removed. Next checkup in 10 days.,Checkup in 10 days,NONE,0,ROUTINE,None required,NONE,Not Required,CONFIRMED,NONE,HIGH,ENGLISH_NATIVE
CASE-0014,"Minor head injury evaluated, CT normal. Patient advised to return for follow-up after some time.",Follow-up after some time,FOLLOWUP_TIME_MISSING,1,ROUTINE,What exact date or number of days should be used for follow-up?,ROUTINE_CLINICIAN,Resolved,CONFIRMED,NONE,HIGH,DIALECT_ENGLISH
CASE-0015,Fungal skin infection on forearm. Apply anti-fungal ointment for a couple of days.,Apply ointment for a couple of days,VAGUE_DURATION,1,ROUTINE,"Specify exact duration of ointment application (e.g., 7 or 14 days).",ROUTINE_CLINICIAN,Resolved,CONFIRMED,NONE,HIGH,DIALECT_ENGLISH
CASE-0016,Post-op wound check day 7. Wound healing cleanly with no signs of infection. Sutures removed. Next checkup in 10 days.,Checkup in 10 days,NONE,0,ROUTINE,None required,NONE,Not Required,CONFIRMED,NONE,HIGH,TRANSLATED_ENGLISH
CASE-0017,Hypertension consultation. BP recorded at 135/85 mmHg. Continue daily Amlodipine 5mg. Schedule follow-up visit on 15 September.,Follow-up on 15 September,NONE,0,ROUTINE,None required,NONE,Not Required,CONFIRMED,NONE,HIGH,DIALECT_ENGLISH
CASE-0018,Complex wound dressing. The health worker ought to monitor wound site.,Health worker ought to monitor,UNCLEAR_RESPONSIBILITY,1,ROUTINE,Designate named healthcare provider or specific clinic role for monitoring.,ROUTINE_CLINICIAN,Resolved,CONFIRMED,NONE,HIGH,ENGLISH_NATIVE
CASE-0019,Rural Clinic Visit Note: Conjunctivitis treated with antibiotic drops. Return if eyes look bad.,Return if eyes look bad,VAGUE_SYMPTOM_CONDITION,1,ROUTINE,"Define clinical indicators (increased discharge, vision change, severe pain).",ROUTINE_CLINICIAN,Resolved,CONFIRMED,NONE,HIGH,STANDARD_ENGLISH
CASE-0020,Hypertension consultation. BP recorded at 135/85 mmHg. Continue daily Amlodipine 5mg. Schedule follow-up visit on 15 September.,Follow-up on 15 September,NONE,0,ROUTINE,None required,NONE,Not Required,CONFIRMED,NONE,HIGH,TRANSLATED_ENGLISH
CASE-0021,Post-discharge stroke rehabilitation. Patient needs to be checked regularly.,Patient needs to be checked regularly,UNCLEAR_RESPONSIBILITY,1,ROUTINE,Assign explicit staff role responsible for regular checks.,ROUTINE_CLINICIAN,Resolved,CONFIRMED,NONE,HIGH,TRANSLATED_ENGLISH
CASE-0022,,,MISSING_NOTE,1,ROUTINE,Clinical note is completely empty. Manual clinical review required before patient departure.,MANUAL_REVIEW,Resolved,REJECTED,Specialist already contacted,EMPTY,DIALECT_ENGLISH
CASE-0023,Consultation Summary: Suspected glaucoma with elevated intraocular pressure. Refer to specialist if necessary.,Refer to specialist if necessary,UNCLEAR_SPECIALIST_REFERRAL,1,MODERATE,Which specialist department (Ophthalmology) and under what exact criteria?,SENIOR_CLINICIAN,Resolved,CONFIRMED,NONE,HIGH,TRANSLATED_ENGLISH
CASE-0024,Mild osteoarthritis of right knee. Paracetamol 1g TDS prescribed as needed for pain. Follow up in 3 weeks at clinic.,Follow up in 3 weeks,NONE,0,ROUTINE,None required,NONE,Not Required,CONFIRMED,NONE,HIGH,DIALECT_ENGLISH
CASE-0025,Patient started on antihypertensive therapy. Come back if symptoms get worse.,Come back if symptoms get worse,VAGUE_SYMPTOM_CONDITION,1,ROUTINE,What specific red-flag symptoms or BP thresholds define 'worse'?,ROUTINE_CLINICIAN,Resolved,CONFIRMED,NONE,HIGH,DIALECT_ENGLISH
CASE-0026,,,MISSING_NOTE,1,ROUTINE,Clinical note is completely empty. Manual clinical review required before patient departure.,MANUAL_REVIEW,Resolved,REJECTED,Clinical context differs,EMPTY,DIALECT_ENGLISH
CASE-0027,,,MISSING_NOTE,1,ROUTINE,Clinical note is completely empty. Manual clinical review required before patient departure.,MANUAL_REVIEW,Resolved,REJECTED,Recommendation not applicable,EMPTY,TRANSLATED_ENGLISH
CASE-0028,Patient presenting with mild eczema. Hydrocortisone cream applied. Return to rural health center in 2 weeks for reassessment.,Reassessment in 2 weeks,NONE,0,ROUTINE,None required,NONE,Not Required,CONFIRMED,NONE,HIGH,DIALECT_ENGLISH
CASE-0029,Nurse Triage Note: Patient consultation for chronic back pain. Follow-up in one week.,Follow-up in one week,MISSING_ACTION,1,ROUTINE,"What specific action (BP check, lab test, medication review) is required at follow-up?",ROUTINE_CLINICIAN,Resolved,CONFIRMED,NONE,HIGH,STANDARD_ENGLISH
CASE-0030,,,MISSING_NOTE,1,ROUTINE,Clinical note is completely empty. Manual clinical review required before patient departure.,MANUAL_REVIEW,Resolved,REJECTED,Clinical context differs,EMPTY,TRANSLATED_ENGLISH
CASE-0031,Post-vaccination fever and arm pain. Re-consult if patient feels unwell.,Re-consult if feels unwell,VAGUE_SYMPTOM_CONDITION,1,ROUTINE,"Clarify parameters for re-consultation (e.g., persistent fever >48 hours).",ROUTINE_CLINICIAN,Resolved,CONFIRMED,NONE,HIGH,TRANSLATED_ENGLISH
CASE-0032,,,MISSING_NOTE,1,ROUTINE,Clinical note is completely empty. Manual clinical review required before patient departure.,MANUAL_REVIEW,Resolved,REJECTED,Resource unavailable,EMPTY,TRANSLATED_ENGLISH
CASE-0033,Persistent abdominal pain suspicious for gallstones. Consult specialist when appropriate.,Consult specialist when appropriate,UNCLEAR_SPECIALIST_REFERRAL,1,MODERATE,"Define referral criteria, target department (General Surgery/GI), and urgency timeline.",SENIOR_CLINICIAN,Resolved,CONFIRMED,NONE,HIGH,TRANSLATED_ENGLISH
CASE-0034,Rural Clinic Visit Note: Hypertension consultation. BP recorded at 135/85 mmHg. Continue daily Amlodipine 5mg. Schedule follow-up visit on 15 September.,Follow-up on 15 September,NONE,0,ROUTINE,None required,NONE,Not Required,CONFIRMED,NONE,HIGH,ENGLISH_NATIVE
CASE-0035,Patient treated for gastroenteritis with oral rehydration salts. Review the patient later.,Review later,FOLLOWUP_TIME_MISSING,1,ROUTINE,When exactly should the patient return for follow-up?,ROUTINE_CLINICIAN,Resolved,CONFIRMED,NONE,HIGH,STANDARD_ENGLISH
CASE-0036,Consultation Summary: Asthma exacerbation resolved after nebulization. Continue inhaler and come back soon.,Come back soon,FOLLOWUP_TIME_MISSING,1,ROUTINE,Specify the exact follow-up interval in days or weeks.,ROUTINE_CLINICIAN,Resolved,CONFIRMED,NONE,MEDIUM,DIALECT_ENGLISH
CASE-0037,Diabetic ulcer dressing changed. Clinic visit in 3 days.,Clinic visit in 3 days,MISSING_ACTION,1,ROUTINE,"Clarify whether visit is for dressing change, debridement, or physician review.",ROUTINE_CLINICIAN,Resolved,CONFIRMED,NONE,HIGH,TRANSLATED_ENGLISH
CASE-0038,"Rural Clinic Visit Note: Child presenting with lethargy, high grade fever and vomiting. Check tomorrow if worsens.",Check tomorrow despite severe pediatric lethargy,URGENCY_AMBIGUITY,1,HIGH,Urgency Conflict: Pediatric red-flag symptoms require urgent emergency triage!,IMMEDIATE_URGENT_REVIEW,Resolved,ESCALATED,NONE,HIGH,TRANSLATED_ENGLISH
CASE-0039,Post-discharge stroke rehabilitation. Patient needs to be checked regularly.,Patient needs to be checked regularly,UNCLEAR_RESPONSIBILITY,1,ROUTINE,Assign explicit staff role responsible for regular checks.,ROUTINE_CLINICIAN,Resolved,CONFIRMED,NONE,HIGH,STANDARD_ENGLISH
CASE-0040,Patient presenting with lumbar muscle strain. Continue treatment for some time.,Continue treatment for some time,VAGUE_DURATION,1,ROUTINE,How many days or weeks should treatment be continued?,ROUTINE_CLINICIAN,Resolved,CONFIRMED,NONE,HIGH,DIALECT_ENGLISH
CASE-0041,Fungal skin infection on forearm. Apply anti-fungal ointment for a couple of days.,Apply ointment for a couple of days,VAGUE_DURATION,1,ROUTINE,"Specify exact duration of ointment application (e.g., 7 or 14 days).",ROUTINE_CLINICIAN,Resolved,CONFIRMED,NONE,HIGH,TRANSLATED_ENGLISH
CASE-0042,Consultation Summary: Hypertension consultation. BP recorded at 135/85 mmHg. Continue daily Amlodipine 5mg. Schedule follow-up visit on 15 September.,Follow-up on 15 September,NONE,0,ROUTINE,None required,NONE,Not Required,CONFIRMED,NONE,HIGH,STANDARD_ENGLISH
CASE-0043,,,MISSING_NOTE,1,ROUTINE,Clinical note is completely empty. Manual clinical review required before patient departure.,MANUAL_REVIEW,Resolved,REJECTED,Already addressed,EMPTY,STANDARD_ENGLISH
CASE-0044,Diabetic ulcer dressing changed. Clinic visit in 3 days.,Clinic visit in 3 days,MISSING_ACTION,1,ROUTINE,"Clarify whether visit is for dressing change, debridement, or physician review.",ROUTINE_CLINICIAN,Resolved,CONFIRMED,NONE,HIGH,TRANSLATED_ENGLISH
CASE-0045,Post-op wound check day 7. Wound healing cleanly with no signs of infection. Sutures removed. Next checkup in 10 days.,Checkup in 10 days,NONE,0,ROUTINE,None required,NONE,Not Required,CONFIRMED,NONE,HIGH,ENGLISH_NATIVE
CASE-0046,Post-discharge stroke rehabilitation. Patient needs to be checked regularly.,Patient needs to be checked regularly,UNCLEAR_RESPONSIBILITY,1,ROUTINE,Assign explicit staff role responsible for regular checks.,ROUTINE_CLINICIAN,Resolved,CONFIRMED,NONE,HIGH,TRANSLATED_ENGLISH
CASE-0047,   ,N/A,MISSING_NOTE,1,ROUTINE,Clinical note contains only whitespace. Manual clinical review required.,MANUAL_REVIEW,Resolved,REJECTED,Clinical context differs,EMPTY,ENGLISH_NATIVE
CASE-0048,Allergic dermatitis treated with antihistamines. Return to clinic at a convenient time.,Return at convenient time,FOLLOWUP_TIME_MISSING,1,ROUTINE,Define a specific follow-up target date for clinic visit.,ROUTINE_CLINICIAN,Resolved,MODIFIED,Already addressed,HIGH,DIALECT_ENGLISH
CASE-0049,Type 2 diabetes routine check. HbA1c 7.2%. Continue Metformin 500mg BD. Re-check blood fasting sugar on Monday morning.,Fasting sugar recheck Monday,NONE,0,ROUTINE,None required,NONE,Not Required,CONFIRMED,NONE,HIGH,ENGLISH_NATIVE
CASE-0050,Consultation Summary: Type 2 diabetes routine check. HbA1c 7.2%. Continue Metformin 500mg BD. Re-check blood fasting sugar on Monday morning.,Fasting sugar recheck Monday,NONE,0,ROUTINE,None required,NONE,Not Required,CONFIRMED,NONE,HIGH,STANDARD_ENGLISH
CASE-0051,Elevated blood pressure observed. Review scheduled for 10th August.,Review scheduled 10th August,MISSING_ACTION,1,ROUTINE,Identify required clinical procedure or test prior to review.,ROUTINE_CLINICIAN,Resolved,CONFIRMED,NONE,HIGH,ENGLISH_NATIVE
CASE-0052,Allergic dermatitis treated with antihistamines. Return to clinic at a convenient time.,Return at convenient time,FOLLOWUP_TIME_MISSING,1,ROUTINE,Define a specific follow-up target date for clinic visit.,ROUTINE_CLINICIAN,Resolved,MODIFIED,Recommendation not applicable,HIGH,DIALECT_ENGLISH
CASE-0053,Mild osteoarthritis of right knee. Paracetamol 1g TDS prescribed as needed for pain. Follow up in 3 weeks at clinic.,Follow up in 3 weeks,NONE,0,ROUTINE,None required,NONE,Not Required,CONFIRMED,NONE,HIGH,DIALECT_ENGLISH
CASE-0054,Patient started on thyroid supplement. Review in 5 days. Return after 3 months for blood test.,Review in 5 days and 3 months,CONTRADICTORY_TIMING,1,ROUTINE,Reconcile short-term review with 3-month blood test schedule.,ROUTINE_CLINICIAN,Resolved,CONFIRMED,NONE,HIGH,STANDARD_ENGLISH
CASE-0055,Type 2 diabetes routine check. HbA1c 7.2%. Continue Metformin 500mg BD. Re-check blood fasting sugar on Monday morning.,Fasting sugar recheck Monday,NONE,0,ROUTINE,None required,NONE,Not Required,CONFIRMED,NONE,HIGH,STANDARD_ENGLISH
CASE-0056,Hypertension consultation. BP recorded at 135/85 mmHg. Continue daily Amlodipine 5mg. Schedule follow-up visit on 15 September.,Follow-up on 15 September,NONE,0,ROUTINE,None required,NONE,Not Required,CONFIRMED,NONE,HIGH,ENGLISH_NATIVE
CASE-0057,Fungal skin infection on forearm. Apply anti-fungal ointment for a couple of days.,Apply ointment for a couple of days,VAGUE_DURATION,1,ROUTINE,"Specify exact duration of ointment application (e.g., 7 or 14 days).",ROUTINE_CLINICIAN,Resolved,CONFIRMED,NONE,HIGH,ENGLISH_NATIVE
CASE-0058,   ,N/A,MISSING_NOTE,1,ROUTINE,Clinical note contains only whitespace. Manual clinical review required.,MANUAL_REVIEW,Resolved,REJECTED,Already addressed,EMPTY,DIALECT_ENGLISH
CASE-0059,Rural Clinic Visit Note: Fungal skin infection on forearm. Apply anti-fungal ointment for a couple of days.,Apply ointment for a couple of days,VAGUE_DURATION,1,ROUTINE,"Specify exact duration of ointment application (e.g., 7 or 14 days).",ROUTINE_CLINICIAN,Resolved,CONFIRMED,NONE,HIGH,ENGLISH_NATIVE
CASE-0060,pt revw in few dyas or wks if pain persist,pt revw few dyas,NOISY_NOTE,1,ROUTINE,Low-confidence text. Confirm exact follow-up interval and pain management plan.,ROUTINE_CLINICIAN,Resolved,MODIFIED,Patient preference,NOISY,DIALECT_ENGLISH
CASE-0061,Nurse Triage Note: Patient with chest congestion. Review tomorrow. Follow-up after two weeks.,Review tomorrow and after 2 weeks,CONTRADICTORY_TIMING,1,MODERATE,Resolve conflict: Is immediate review needed tomorrow or routine follow-up in 2 weeks?,ROUTINE_CLINICIAN,Resolved,CONFIRMED,NONE,HIGH,DIALECT_ENGLISH
CASE-0062,Patient presenting with mild eczema. Hydrocortisone cream applied. Return to rural health center in 2 weeks for reassessment.,Reassessment in 2 weeks,NONE,0,ROUTINE,None required,NONE,Not Required,CONFIRMED,NONE,HIGH,DIALECT_ENGLISH
CASE-0063,Post-op wound check day 7. Wound healing cleanly with no signs of infection. Sutures removed. Next checkup in 10 days.,Checkup in 10 days,NONE,0,ROUTINE,None required,NONE,Not Required,CONFIRMED,NONE,HIGH,TRANSLATED_ENGLISH
CASE-0064,Patient presenting with lumbar muscle strain. Continue treatment for some time.,Continue treatment for some time,VAGUE_DURATION,1,ROUTINE,How many days or weeks should treatment be continued?,ROUTINE_CLINICIAN,Resolved,CONFIRMED,NONE,HIGH,ENGLISH_NATIVE
CASE-0065,Skin lesion showing irregular borders. Refer to expert if needed.,Refer to expert if needed,UNCLEAR_SPECIALIST_REFERRAL,1,MODERATE,"Specify Dermatology referral trigger (biopsy result, size increase) and referral priority.",SENIOR_CLINICIAN,Resolved,CONFIRMED,NONE,HIGH,TRANSLATED_ENGLISH
CASE-0066,Patient presenting with mild eczema. Hydrocortisone cream applied. Return to rural health center in 2 weeks for reassessment.,Reassessment in 2 weeks,NONE,0,ROUTINE,None required,NONE,Not Required,CONFIRMED,NONE,HIGH,STANDARD_ENGLISH
CASE-0067,Diabetic ulcer dressing changed. Clinic visit in 3 days.,Clinic visit in 3 days,MISSING_ACTION,1,ROUTINE,"Clarify whether visit is for dressing change, debridement, or physician review.",ROUTINE_CLINICIAN,Resolved,CONFIRMED,NONE,HIGH,DIALECT_ENGLISH
CASE-0068,Complex wound dressing. The health worker ought to monitor wound site.,Health worker ought to monitor,UNCLEAR_RESPONSIBILITY,1,ROUTINE,Designate named healthcare provider or specific clinic role for monitoring.,ROUTINE_CLINICIAN,Resolved,CONFIRMED,NONE,HIGH,ENGLISH_NATIVE
CASE-0069,Outpatient Record: Conjunctivitis treated with antibiotic drops. Return if eyes look bad.,Return if eyes look bad,VAGUE_SYMPTOM_CONDITION,1,ROUTINE,"Define clinical indicators (increased discharge, vision change, severe pain).",ROUTINE_CLINICIAN,Resolved,CONFIRMED,NONE,HIGH,TRANSLATED_ENGLISH
CASE-0070,Rural Clinic Visit Note: Pediatric fever settled. See nurse next Monday.,See nurse next Monday,MISSING_ACTION,1,ROUTINE,"Specify the action needed (growth monitoring, repeat temperature check, vaccination).",ROUTINE_CLINICIAN,Resolved,CONFIRMED,NONE,HIGH,TRANSLATED_ENGLISH
CASE-0071,Nurse Triage Note: Acute chest pressure with radiation to left arm noted. Return if convenient.,Return if convenient despite acute chest pain,URGENCY_AMBIGUITY,1,HIGH,Urgency Conflict: Potential cardiac event with vague follow-up. Immediate emergency assessment required!,IMMEDIATE_URGENT_REVIEW,Resolved,ESCALATED,NONE,HIGH,DIALECT_ENGLISH
CASE-0072,Consultation Summary: Diabetic ulcer dressing changed. Clinic visit in 3 days.,Clinic visit in 3 days,MISSING_ACTION,1,ROUTINE,"Clarify whether visit is for dressing change, debridement, or physician review.",ROUTINE_CLINICIAN,Resolved,CONFIRMED,NONE,HIGH,TRANSLATED_ENGLISH
CASE-0073,Iron deficiency anemia. Take ferrous sulfate tablets for a while then review.,Take tablets for a while,VAGUE_DURATION,1,ROUTINE,What is the intended treatment duration before rechecking blood count?,ROUTINE_CLINICIAN,Resolved,CONFIRMED,NONE,MEDIUM,TRANSLATED_ENGLISH
CASE-0074,   ,N/A,MISSING_NOTE,1,ROUTINE,Clinical note contains only whitespace. Manual clinical review required.,MANUAL_REVIEW,Resolved,REJECTED,Already addressed,EMPTY,STANDARD_ENGLISH
CASE-0075,Post-operative suture care. Come back in 3 days. Return to clinic next month.,Come back in 3 days and next month,CONTRADICTORY_TIMING,1,ROUTINE,Confirm whether suture removal is at day 3 or 30 days.,ROUTINE_CLINICIAN,Resolved,CONFIRMED,NONE,HIGH,DIALECT_ENGLISH
CASE-0076,Type 2 diabetes routine check. HbA1c 7.2%. Continue Metformin 500mg BD. Re-check blood fasting sugar on Monday morning.,Fasting sugar recheck Monday,NONE,0,ROUTINE,None required,NONE,Not Required,CONFIRMED,NONE,HIGH,DIALECT_ENGLISH
CASE-0077,,,MISSING_NOTE,1,ROUTINE,Clinical note is completely empty. Manual clinical review required before patient departure.,MANUAL_REVIEW,Resolved,REJECTED,False positive,EMPTY,ENGLISH_NATIVE
CASE-0078,Patient with fluctuating blood glucose levels. Someone should review the patient.,Someone should review the patient,UNCLEAR_RESPONSIBILITY,1,ROUTINE,"Who (duty doctor, community health nurse, endocrinologist) is responsible for review?",ROUTINE_CLINICIAN,Resolved,CONFIRMED,NONE,HIGH,ENGLISH_NATIVE
CASE-0079,Iron deficiency anemia. Take ferrous sulfate tablets for a while then review.,Take tablets for a while,VAGUE_DURATION,1,ROUTINE,What is the intended treatment duration before rechecking blood count?,ROUTINE_CLINICIAN,Resolved,CONFIRMED,NONE,MEDIUM,STANDARD_ENGLISH
CASE-0080,Hypertension follow-up. Repeat BP check in 24 hours. Schedule follow-up in 6 weeks.,Repeat BP in 24h and 6 weeks,CONTRADICTORY_TIMING,1,ROUTINE,Clarify if 24-hour ambulatory check or 6-week routine visit is intended.,ROUTINE_CLINICIAN,Resolved,CONFIRMED,NONE,HIGH,DIALECT_ENGLISH
CASE-0081,Nurse Triage Note: Post-operative suture care. Come back in 3 days. Return to clinic next month.,Come back in 3 days and next month,CONTRADICTORY_TIMING,1,ROUTINE,Confirm whether suture removal is at day 3 or 30 days.,ROUTINE_CLINICIAN,Resolved,CONFIRMED,NONE,HIGH,ENGLISH_NATIVE
CASE-0082,Patient started on thyroid supplement. Review in 5 days. Return after 3 months for blood test.,Review in 5 days and 3 months,CONTRADICTORY_TIMING,1,ROUTINE,Reconcile short-term review with 3-month blood test schedule.,ROUTINE_CLINICIAN,Resolved,CONFIRMED,NONE,HIGH,STANDARD_ENGLISH
CASE-0083,Elevated blood pressure observed. Review scheduled for 10th August.,Review scheduled 10th August,MISSING_ACTION,1,ROUTINE,Identify required clinical procedure or test prior to review.,ROUTINE_CLINICIAN,Resolved,CONFIRMED,NONE,HIGH,DIALECT_ENGLISH
CASE-0084,Acute chest pressure with radiation to left arm noted. Return if convenient.,Return if convenient despite acute chest pain,URGENCY_AMBIGUITY,1,HIGH,Urgency Conflict: Potential cardiac event with vague follow-up. Immediate emergency assessment required!,IMMEDIATE_URGENT_REVIEW,Resolved,ESCALATED,NONE,HIGH,ENGLISH_NATIVE
CASE-0085,Consultation Summary: Hypertension follow-up. Repeat BP check in 24 hours. Schedule follow-up in 6 weeks.,Repeat BP in 24h and 6 weeks,CONTRADICTORY_TIMING,1,ROUTINE,Clarify if 24-hour ambulatory check or 6-week routine visit is intended.,ROUTINE_CLINICIAN,Resolved,CONFIRMED,NONE,HIGH,DIALECT_ENGLISH
CASE-0086,Consultation Summary: Diabetic ulcer dressing changed. Clinic visit in 3 days.,Clinic visit in 3 days,MISSING_ACTION,1,ROUTINE,"Clarify whether visit is for dressing change, debridement, or physician review.",ROUTINE_CLINICIAN,Resolved,CONFIRMED,NONE,HIGH,TRANSLATED_ENGLISH
CASE-0087,Mild gastritis symptoms. Continue PPI medication as long as needed.,Continue PPI as long as needed,VAGUE_DURATION,1,ROUTINE,Define maximum treatment duration and clear review threshold.,ROUTINE_CLINICIAN,Resolved,CONFIRMED,NONE,HIGH,ENGLISH_NATIVE
CASE-0088,Post-discharge stroke rehabilitation. Patient needs to be checked regularly.,Patient needs to be checked regularly,UNCLEAR_RESPONSIBILITY,1,ROUTINE,Assign explicit staff role responsible for regular checks.,ROUTINE_CLINICIAN,Resolved,CONFIRMED,NONE,HIGH,ENGLISH_NATIVE
CASE-0089,Patient treated for gastroenteritis with oral rehydration salts. Review the patient later.,Review later,FOLLOWUP_TIME_MISSING,1,ROUTINE,When exactly should the patient return for follow-up?,ROUTINE_CLINICIAN,Resolved,CONFIRMED,NONE,HIGH,ENGLISH_NATIVE
CASE-0090,Mild osteoarthritis of right knee. Paracetamol 1g TDS prescribed as needed for pain. Follow up in 3 weeks at clinic.,Follow up in 3 weeks,NONE,0,ROUTINE,None required,NONE,Not Required,CONFIRMED,NONE,HIGH,STANDARD_ENGLISH
CASE-0091,Nurse Triage Note: Mild gastritis symptoms. Continue PPI medication as long as needed.,Continue PPI as long as needed,VAGUE_DURATION,1,ROUTINE,Define maximum treatment duration and clear review threshold.,ROUTINE_CLINICIAN,Resolved,CONFIRMED,NONE,HIGH,DIALECT_ENGLISH
CASE-0092,Post-traumatic abdominal rigidity and tachycardia. Follow-up next week.,Follow-up next week despite acute abdomen,URGENCY_AMBIGUITY,1,HIGH,Urgency Conflict: Suspected internal bleeding requiring immediate surgical evaluation!,IMMEDIATE_URGENT_REVIEW,Resolved,ESCALATED,NONE,HIGH,TRANSLATED_ENGLISH
CASE-0093,   ,N/A,MISSING_NOTE,1,ROUTINE,Clinical note contains only whitespace. Manual clinical review required.,MANUAL_REVIEW,Resolved,REJECTED,Clinical context differs,EMPTY,TRANSLATED_ENGLISH
CASE-0094,Pediatric fever settled. See nurse next Monday.,See nurse next Monday,MISSING_ACTION,1,ROUTINE,"Specify the action needed (growth monitoring, repeat temperature check, vaccination).",ROUTINE_CLINICIAN,Resolved,CONFIRMED,NONE,HIGH,TRANSLATED_ENGLISH
CASE-0095,Outpatient Record: Patient started on thyroid supplement. Review in 5 days. Return after 3 months for blood test.,Review in 5 days and 3 months,CONTRADICTORY_TIMING,1,ROUTINE,Reconcile short-term review with 3-month blood test schedule.,ROUTINE_CLINICIAN,Resolved,CONFIRMED,NONE,HIGH,ENGLISH_NATIVE
CASE-0096,Consultation Summary: Skin lesion showing irregular borders. Refer to expert if needed.,Refer to expert if needed,UNCLEAR_SPECIALIST_REFERRAL,1,MODERATE,"Specify Dermatology referral trigger (biopsy result, size increase) and referral priority.",SENIOR_CLINICIAN,Resolved,CONFIRMED,NONE,HIGH,ENGLISH_NATIVE
CASE-0097,Nurse Triage Note: Mild bronchitis. Take cough syrup. Return to clinic if condition deteriorates.,Return if condition deteriorates,VAGUE_SYMPTOM_CONDITION,1,MODERATE,"Which specific signs (fever >38.5C, severe shortness of breath) constitute deterioration?",ROUTINE_CLINICIAN,Resolved,CONFIRMED,NONE,HIGH,DIALECT_ENGLISH
CASE-0098,Nurse Triage Note: Patient with fluctuating blood glucose levels. Someone should review the patient.,Someone should review the patient,UNCLEAR_RESPONSIBILITY,1,ROUTINE,"Who (duty doctor, community health nurse, endocrinologist) is responsible for review?",ROUTINE_CLINICIAN,Resolved,CONFIRMED,NONE,HIGH,TRANSLATED_ENGLISH
CASE-0099,follw up aftr 3 dys if condtion worsn,follw up 3 dys,NOISY_NOTE,1,ROUTINE,Low-confidence transcription. Verify if 'follow up after 3 days if condition worsens' was intended.,ROUTINE_CLINICIAN,Resolved,MODIFIED,False positive,NOISY,TRANSLATED_ENGLISH
CASE-0100,Nurse Triage Note: Patient presenting with mild eczema. Hydrocortisone cream applied. Return to rural health center in 2 weeks for reassessment.,Reassessment in 2 weeks,NONE,0,ROUTINE,None required,NONE,Not Required,CONFIRMED,NONE,HIGH,TRANSLATED_ENGLISH
CASE-0101,,,MISSING_NOTE,1,ROUTINE,Clinical note is completely empty. Manual clinical review required before patient departure.,MANUAL_REVIEW,Resolved,REJECTED,Other,EMPTY,ENGLISH_NATIVE
CASE-0102,Patient has worsening breathing difficulty. Review later.,Review later despite worsening dyspnea,URGENCY_AMBIGUITY,1,HIGH,Urgency Conflict: Severe respiratory symptom combined with delayed review. Immediate clinical evaluation required!,IMMEDIATE_URGENT_REVIEW,Resolved,ESCALATED,NONE,HIGH,TRANSLATED_ENGLISH
CASE-0103,Acute chest pressure with radiation to left arm noted. Return if convenient.,Return if convenient despite acute chest pain,URGENCY_AMBIGUITY,1,HIGH,Urgency Conflict: Potential cardiac event with vague follow-up. Immediate emergency assessment required!,IMMEDIATE_URGENT_REVIEW,Resolved,ESCALATED,NONE,HIGH,STANDARD_ENGLISH
CASE-0104,Nurse Triage Note: follw up aftr 3 dys if condtion worsn,follw up 3 dys,NOISY_NOTE,1,ROUTINE,Low-confidence transcription. Verify if 'follow up after 3 days if condition worsens' was intended.,ROUTINE_CLINICIAN,Resolved,MODIFIED,Clinical context differs,NOISY,TRANSLATED_ENGLISH
CASE-0105,Patient presenting with mild eczema. Hydrocortisone cream applied. Return to rural health center in 2 weeks for reassessment.,Reassessment in 2 weeks,NONE,0,ROUTINE,None required,NONE,Not Required,CONFIRMED,NONE,HIGH,ENGLISH_NATIVE
CASE-0106,Nurse Triage Note: Persistent abdominal pain suspicious for gallstones. Consult specialist when appropriate.,Consult specialist when appropriate,UNCLEAR_SPECIALIST_REFERRAL,1,MODERATE,"Define referral criteria, target department (General Surgery/GI), and urgency timeline.",SENIOR_CLINICIAN,Resolved,CONFIRMED,NONE,HIGH,DIALECT_ENGLISH
CASE-0107,Patient has worsening breathing difficulty. Review later.,Review later despite worsening dyspnea,URGENCY_AMBIGUITY,1,HIGH,Urgency Conflict: Severe respiratory symptom combined with delayed review. Immediate clinical evaluation required!,IMMEDIATE_URGENT_REVIEW,Resolved,ESCALATED,NONE,HIGH,STANDARD_ENGLISH
CASE-0108,Suspected glaucoma with elevated intraocular pressure. Refer to specialist if necessary.,Refer to specialist if necessary,UNCLEAR_SPECIALIST_REFERRAL,1,MODERATE,Which specialist department (Ophthalmology) and under what exact criteria?,SENIOR_CLINICIAN,Resolved,CONFIRMED,NONE,HIGH,STANDARD_ENGLISH
CASE-0109,Diabetic ulcer dressing changed. Clinic visit in 3 days.,Clinic visit in 3 days,MISSING_ACTION,1,ROUTINE,"Clarify whether visit is for dressing change, debridement, or physician review.",ROUTINE_CLINICIAN,Resolved,CONFIRMED,NONE,HIGH,ENGLISH_NATIVE
CASE-0110,Patient has worsening breathing difficulty. Review later.,Review later despite worsening dyspnea,URGENCY_AMBIGUITY,1,HIGH,Urgency Conflict: Severe respiratory symptom combined with delayed review. Immediate clinical evaluation required!,IMMEDIATE_URGENT_REVIEW,Resolved,ESCALATED,NONE,HIGH,ENGLISH_NATIVE
CASE-0111,Hypertension follow-up. Repeat BP check in 24 hours. Schedule follow-up in 6 weeks.,Repeat BP in 24h and 6 weeks,CONTRADICTORY_TIMING,1,ROUTINE,Clarify if 24-hour ambulatory check or 6-week routine visit is intended.,ROUTINE_CLINICIAN,Resolved,CONFIRMED,NONE,HIGH,STANDARD_ENGLISH
CASE-0112,Rural Clinic Visit Note: Post-vaccination fever and arm pain. Re-consult if patient feels unwell.,Re-consult if feels unwell,VAGUE_SYMPTOM_CONDITION,1,ROUTINE,"Clarify parameters for re-consultation (e.g., persistent fever >48 hours).",ROUTINE_CLINICIAN,Resolved,CONFIRMED,NONE,HIGH,DIALECT_ENGLISH
CASE-0113,Post-discharge stroke rehabilitation. Patient needs to be checked regularly.,Patient needs to be checked regularly,UNCLEAR_RESPONSIBILITY,1,ROUTINE,Assign explicit staff role responsible for regular checks.,ROUTINE_CLINICIAN,Resolved,CONFIRMED,NONE,HIGH,ENGLISH_NATIVE
CASE-0114,Mild osteoarthritis of right knee. Paracetamol 1g TDS prescribed as needed for pain. Follow up in 3 weeks at clinic.,Follow up in 3 weeks,NONE,0,ROUTINE,None required,NONE,Not Required,CONFIRMED,NONE,HIGH,ENGLISH_NATIVE
CASE-0115,Upper respiratory tract infection. Advised bed rest and oral fluids. Return to clinic on Friday if not completely resolved.,Return on Friday if unresolved,NONE,0,ROUTINE,None required,NONE,Not Required,CONFIRMED,NONE,HIGH,STANDARD_ENGLISH
CASE-0116,follw up aftr 3 dys if condtion worsn,follw up 3 dys,NOISY_NOTE,1,ROUTINE,Low-confidence transcription. Verify if 'follow up after 3 days if condition worsens' was intended.,ROUTINE_CLINICIAN,Resolved,MODIFIED,False positive,NOISY,DIALECT_ENGLISH
CASE-0117,Mild osteoarthritis of right knee. Paracetamol 1g TDS prescribed as needed for pain. Follow up in 3 weeks at clinic.,Follow up in 3 weeks,NONE,0,ROUTINE,None required,NONE,Not Required,CONFIRMED,NONE,HIGH,TRANSLATED_ENGLISH
CASE-0118,Mild gastritis symptoms. Continue PPI medication as long as needed.,Continue PPI as long as needed,VAGUE_DURATION,1,ROUTINE,Define maximum treatment duration and clear review threshold.,ROUTINE_CLINICIAN,Resolved,CONFIRMED,NONE,HIGH,TRANSLATED_ENGLISH
CASE-0119,Patient with fluctuating blood glucose levels. Someone should review the patient.,Someone should review the patient,UNCLEAR_RESPONSIBILITY,1,ROUTINE,"Who (duty doctor, community health nurse, endocrinologist) is responsible for review?",ROUTINE_CLINICIAN,Resolved,CONFIRMED,NONE,HIGH,DIALECT_ENGLISH
CASE-0120,   ,N/A,MISSING_NOTE,1,ROUTINE,Clinical note contains only whitespace. Manual clinical review required.,MANUAL_REVIEW,Resolved,REJECTED,Other,EMPTY,TRANSLATED_ENGLISH
CASE-0121,chk BP agin latr nxt wk if high,chk BP latr,NOISY_NOTE,1,ROUTINE,Noisy input detected. Clarify exact target day and target blood pressure threshold.,ROUTINE_CLINICIAN,Resolved,MODIFIED,Patient preference,NOISY,STANDARD_ENGLISH
CASE-0122,Acute chest pressure with radiation to left arm noted. Return if convenient.,Return if convenient despite acute chest pain,URGENCY_AMBIGUITY,1,HIGH,Urgency Conflict: Potential cardiac event with vague follow-up. Immediate emergency assessment required!,IMMEDIATE_URGENT_REVIEW,Resolved,ESCALATED,NONE,HIGH,TRANSLATED_ENGLISH
CASE-0123,Consultation Summary: Severe high fever 40C with neck stiffness. Re-examine after some time.,Re-examine after some time despite high fever and stiff neck,URGENCY_AMBIGUITY,1,HIGH,Urgency Conflict: Meningeal signs require emergency escalation to hospital care immediately!,IMMEDIATE_URGENT_REVIEW,Resolved,ESCALATED,NONE,HIGH,DIALECT_ENGLISH
CASE-0124,Persistent abdominal pain suspicious for gallstones. Consult specialist when appropriate.,Consult specialist when appropriate,UNCLEAR_SPECIALIST_REFERRAL,1,MODERATE,"Define referral criteria, target department (General Surgery/GI), and urgency timeline.",SENIOR_CLINICIAN,Resolved,CONFIRMED,NONE,HIGH,DIALECT_ENGLISH
CASE-0125,,,MISSING_NOTE,1,ROUTINE,Clinical note is completely empty. Manual clinical review required before patient departure.,MANUAL_REVIEW,Resolved,REJECTED,Specialist already contacted,EMPTY,ENGLISH_NATIVE
CASE-0126,Post-traumatic abdominal rigidity and tachycardia. Follow-up next week.,Follow-up next week despite acute abdomen,URGENCY_AMBIGUITY,1,HIGH,Urgency Conflict: Suspected internal bleeding requiring immediate surgical evaluation!,IMMEDIATE_URGENT_REVIEW,Resolved,ESCALATED,NONE,HIGH,TRANSLATED_ENGLISH
CASE-0127,"Child presenting with lethargy, high grade fever and vomiting. Check tomorrow if worsens.",Check tomorrow despite severe pediatric lethargy,URGENCY_AMBIGUITY,1,HIGH,Urgency Conflict: Pediatric red-flag symptoms require urgent emergency triage!,IMMEDIATE_URGENT_REVIEW,Resolved,ESCALATED,NONE,HIGH,STANDARD_ENGLISH
CASE-0128,Complex wound dressing. The health worker ought to monitor wound site.,Health worker ought to monitor,UNCLEAR_RESPONSIBILITY,1,ROUTINE,Designate named healthcare provider or specific clinic role for monitoring.,ROUTINE_CLINICIAN,Resolved,CONFIRMED,NONE,HIGH,DIALECT_ENGLISH
CASE-0129,   ,N/A,MISSING_NOTE,1,ROUTINE,Clinical note contains only whitespace. Manual clinical review required.,MANUAL_REVIEW,Resolved,REJECTED,False positive,EMPTY,DIALECT_ENGLISH
CASE-0130,Severe high fever 40C with neck stiffness. Re-examine after some time.,Re-examine after some time despite high fever and stiff neck,URGENCY_AMBIGUITY,1,HIGH,Urgency Conflict: Meningeal signs require emergency escalation to hospital care immediately!,IMMEDIATE_URGENT_REVIEW,Resolved,ESCALATED,NONE,HIGH,ENGLISH_NATIVE
CASE-0131,Hypertension consultation. BP recorded at 135/85 mmHg. Continue daily Amlodipine 5mg. Schedule follow-up visit on 15 September.,Follow-up on 15 September,NONE,0,ROUTINE,None required,NONE,Not Required,CONFIRMED,NONE,HIGH,ENGLISH_NATIVE
CASE-0132,Mild osteoarthritis of right knee. Paracetamol 1g TDS prescribed as needed for pain. Follow up in 3 weeks at clinic.,Follow up in 3 weeks,NONE,0,ROUTINE,None required,NONE,Not Required,CONFIRMED,NONE,HIGH,DIALECT_ENGLISH
CASE-0133,Consultation Summary: Pediatric fever settled. See nurse next Monday.,See nurse next Monday,MISSING_ACTION,1,ROUTINE,"Specify the action needed (growth monitoring, repeat temperature check, vaccination).",ROUTINE_CLINICIAN,Resolved,CONFIRMED,NONE,HIGH,DIALECT_ENGLISH
CASE-0134,Rural Clinic Visit Note: Type 2 diabetes routine check. HbA1c 7.2%. Continue Metformin 500mg BD. Re-check blood fasting sugar on Monday morning.,Fasting sugar recheck Monday,NONE,0,ROUTINE,None required,NONE,Not Required,CONFIRMED,NONE,HIGH,STANDARD_ENGLISH
CASE-0135,Rural Clinic Visit Note: Conjunctivitis treated with antibiotic drops. Return if eyes look bad.,Return if eyes look bad,VAGUE_SYMPTOM_CONDITION,1,ROUTINE,"Define clinical indicators (increased discharge, vision change, severe pain).",ROUTINE_CLINICIAN,Resolved,CONFIRMED,NONE,HIGH,DIALECT_ENGLISH
CASE-0136,Rural Clinic Visit Note: Severe high fever 40C with neck stiffness. Re-examine after some time.,Re-examine after some time despite high fever and stiff neck,URGENCY_AMBIGUITY,1,HIGH,Urgency Conflict: Meningeal signs require emergency escalation to hospital care immediately!,IMMEDIATE_URGENT_REVIEW,Resolved,ESCALATED,NONE,HIGH,DIALECT_ENGLISH
CASE-0137,Patient has worsening breathing difficulty. Review later.,Review later despite worsening dyspnea,URGENCY_AMBIGUITY,1,HIGH,Urgency Conflict: Severe respiratory symptom combined with delayed review. Immediate clinical evaluation required!,IMMEDIATE_URGENT_REVIEW,Resolved,ESCALATED,NONE,HIGH,TRANSLATED_ENGLISH
CASE-0138,follw up aftr 3 dys if condtion worsn,follw up 3 dys,NOISY_NOTE,1,ROUTINE,Low-confidence transcription. Verify if 'follow up after 3 days if condition worsens' was intended.,ROUTINE_CLINICIAN,Resolved,MODIFIED,Resource unavailable,NOISY,STANDARD_ENGLISH
CASE-0139,Mild gastritis symptoms. Continue PPI medication as long as needed.,Continue PPI as long as needed,VAGUE_DURATION,1,ROUTINE,Define maximum treatment duration and clear review threshold.,ROUTINE_CLINICIAN,Resolved,CONFIRMED,NONE,HIGH,ENGLISH_NATIVE
CASE-0140,Post-discharge stroke rehabilitation. Patient needs to be checked regularly.,Patient needs to be checked regularly,UNCLEAR_RESPONSIBILITY,1,ROUTINE,Assign explicit staff role responsible for regular checks.,ROUTINE_CLINICIAN,Resolved,CONFIRMED,NONE,HIGH,DIALECT_ENGLISH
CASE-0141,Post-discharge stroke rehabilitation. Patient needs to be checked regularly.,Patient needs to be checked regularly,UNCLEAR_RESPONSIBILITY,1,ROUTINE,Assign explicit staff role responsible for regular checks.,ROUTINE_CLINICIAN,Resolved,CONFIRMED,NONE,HIGH,STANDARD_ENGLISH
CASE-0142,Fungal skin infection on forearm. Apply anti-fungal ointment for a couple of days.,Apply ointment for a couple of days,VAGUE_DURATION,1,ROUTINE,"Specify exact duration of ointment application (e.g., 7 or 14 days).",ROUTINE_CLINICIAN,Resolved,CONFIRMED,NONE,HIGH,DIALECT_ENGLISH
CASE-0143,Rural Clinic Visit Note: Mild bronchitis. Take cough syrup. Return to clinic if condition deteriorates.,Return if condition deteriorates,VAGUE_SYMPTOM_CONDITION,1,MODERATE,"Which specific signs (fever >38.5C, severe shortness of breath) constitute deterioration?",ROUTINE_CLINICIAN,Resolved,CONFIRMED,NONE,HIGH,ENGLISH_NATIVE
CASE-0144,Post-op wound check day 7. Wound healing cleanly with no signs of infection. Sutures removed. Next checkup in 10 days.,Checkup in 10 days,NONE,0,ROUTINE,None required,NONE,Not Required,CONFIRMED,NONE,HIGH,TRANSLATED_ENGLISH
CASE-0145,Pediatric fever settled. See nurse next Monday.,See nurse next Monday,MISSING_ACTION,1,ROUTINE,"Specify the action needed (growth monitoring, repeat temperature check, vaccination).",ROUTINE_CLINICIAN,Resolved,CONFIRMED,NONE,HIGH,TRANSLATED_ENGLISH
CASE-0146,Hypertension consultation. BP recorded at 135/85 mmHg. Continue daily Amlodipine 5mg. Schedule follow-up visit on 15 September.,Follow-up on 15 September,NONE,0,ROUTINE,None required,NONE,Not Required,CONFIRMED,NONE,HIGH,ENGLISH_NATIVE
CASE-0147,,,MISSING_NOTE,1,ROUTINE,Clinical note is completely empty. Manual clinical review required before patient departure.,MANUAL_REVIEW,Resolved,REJECTED,Clinical context differs,EMPTY,DIALECT_ENGLISH
CASE-0148,Outpatient Record: Patient presenting with lumbar muscle strain. Continue treatment for some time.,Continue treatment for some time,VAGUE_DURATION,1,ROUTINE,How many days or weeks should treatment be continued?,ROUTINE_CLINICIAN,Resolved,CONFIRMED,NONE,HIGH,DIALECT_ENGLISH
CASE-0149,Severe high fever 40C with neck stiffness. Re-examine after some time.,Re-examine after some time despite high fever and stiff neck,URGENCY_AMBIGUITY,1,HIGH,Urgency Conflict: Meningeal signs require emergency escalation to hospital care immediately!,IMMEDIATE_URGENT_REVIEW,Resolved,ESCALATED,NONE,HIGH,DIALECT_ENGLISH
CASE-0150,"Rural Clinic Visit Note: Child presenting with lethargy, high grade fever and vomiting. Check tomorrow if worsens.",Check tomorrow despite severe pediatric lethargy,URGENCY_AMBIGUITY,1,HIGH,Urgency Conflict: Pediatric red-flag symptoms require urgent emergency triage!,IMMEDIATE_URGENT_REVIEW,Resolved,ESCALATED,NONE,HIGH,TRANSLATED_ENGLISH
CASE-0151,Consultation Summary: chk BP agin latr nxt wk if high,chk BP latr,NOISY_NOTE,1,ROUTINE,Noisy input detected. Clarify exact target day and target blood pressure threshold.,ROUTINE_CLINICIAN,Resolved,MODIFIED,Already addressed,NOISY,DIALECT_ENGLISH
CASE-0152,Conjunctivitis treated with antibiotic drops. Return if eyes look bad.,Return if eyes look bad,VAGUE_SYMPTOM_CONDITION,1,ROUTINE,"Define clinical indicators (increased discharge, vision change, severe pain).",ROUTINE_CLINICIAN,Resolved,CONFIRMED,NONE,HIGH,TRANSLATED_ENGLISH
CASE-0153,Conjunctivitis treated with antibiotic drops. Return if eyes look bad.,Return if eyes look bad,VAGUE_SYMPTOM_CONDITION,1,ROUTINE,"Define clinical indicators (increased discharge, vision change, severe pain).",ROUTINE_CLINICIAN,Resolved,CONFIRMED,NONE,HIGH,TRANSLATED_ENGLISH
CASE-0154,Severe high fever 40C with neck stiffness. Re-examine after some time.,Re-examine after some time despite high fever and stiff neck,URGENCY_AMBIGUITY,1,HIGH,Urgency Conflict: Meningeal signs require emergency escalation to hospital care immediately!,IMMEDIATE_URGENT_REVIEW,Resolved,ESCALATED,NONE,HIGH,DIALECT_ENGLISH
CASE-0155,Post-vaccination fever and arm pain. Re-consult if patient feels unwell.,Re-consult if feels unwell,VAGUE_SYMPTOM_CONDITION,1,ROUTINE,"Clarify parameters for re-consultation (e.g., persistent fever >48 hours).",ROUTINE_CLINICIAN,Resolved,CONFIRMED,NONE,HIGH,TRANSLATED_ENGLISH
CASE-0156,Rural Clinic Visit Note: Complex wound dressing. The health worker ought to monitor wound site.,Health worker ought to monitor,UNCLEAR_RESPONSIBILITY,1,ROUTINE,Designate named healthcare provider or specific clinic role for monitoring.,ROUTINE_CLINICIAN,Resolved,CONFIRMED,NONE,HIGH,DIALECT_ENGLISH
CASE-0157,Mild gastritis symptoms. Continue PPI medication as long as needed.,Continue PPI as long as needed,VAGUE_DURATION,1,ROUTINE,Define maximum treatment duration and clear review threshold.,ROUTINE_CLINICIAN,Resolved,CONFIRMED,NONE,HIGH,STANDARD_ENGLISH
CASE-0158,   ,N/A,MISSING_NOTE,1,ROUTINE,Clinical note contains only whitespace. Manual clinical review required.,MANUAL_REVIEW,Resolved,REJECTED,False positive,EMPTY,STANDARD_ENGLISH
CASE-0159,Patient presenting with mild eczema. Hydrocortisone cream applied. Return to rural health center in 2 weeks for reassessment.,Reassessment in 2 weeks,NONE,0,ROUTINE,None required,NONE,Not Required,CONFIRMED,NONE,HIGH,TRANSLATED_ENGLISH
CASE-0160,"Consultation Summary: Minor head injury evaluated, CT normal. Patient advised to return for follow-up after some time.",Follow-up after some time,FOLLOWUP_TIME_MISSING,1,ROUTINE,What exact date or number of days should be used for follow-up?,ROUTINE_CLINICIAN,Resolved,CONFIRMED,NONE,HIGH,DIALECT_ENGLISH
CASE-0161,Patient has worsening breathing difficulty. Review later.,Review later despite worsening dyspnea,URGENCY_AMBIGUITY,1,HIGH,Urgency Conflict: Severe respiratory symptom combined with delayed review. Immediate clinical evaluation required!,IMMEDIATE_URGENT_REVIEW,Resolved,ESCALATED,NONE,HIGH,ENGLISH_NATIVE
CASE-0162,Patient with chest congestion. Review tomorrow. Follow-up after two weeks.,Review tomorrow and after 2 weeks,CONTRADICTORY_TIMING,1,MODERATE,Resolve conflict: Is immediate review needed tomorrow or routine follow-up in 2 weeks?,ROUTINE_CLINICIAN,Resolved,CONFIRMED,NONE,HIGH,STANDARD_ENGLISH
CASE-0163,Mild gastritis symptoms. Continue PPI medication as long as needed.,Continue PPI as long as needed,VAGUE_DURATION,1,ROUTINE,Define maximum treatment duration and clear review threshold.,ROUTINE_CLINICIAN,Resolved,CONFIRMED,NONE,HIGH,ENGLISH_NATIVE
CASE-0164,Hypertension follow-up. Repeat BP check in 24 hours. Schedule follow-up in 6 weeks.,Repeat BP in 24h and 6 weeks,CONTRADICTORY_TIMING,1,ROUTINE,Clarify if 24-hour ambulatory check or 6-week routine visit is intended.,ROUTINE_CLINICIAN,Resolved,CONFIRMED,NONE,HIGH,TRANSLATED_ENGLISH
CASE-0165,Elevated blood pressure observed. Review scheduled for 10th August.,Review scheduled 10th August,MISSING_ACTION,1,ROUTINE,Identify required clinical procedure or test prior to review.,ROUTINE_CLINICIAN,Resolved,CONFIRMED,NONE,HIGH,TRANSLATED_ENGLISH
CASE-0166,Type 2 diabetes routine check. HbA1c 7.2%. Continue Metformin 500mg BD. Re-check blood fasting sugar on Monday morning.,Fasting sugar recheck Monday,NONE,0,ROUTINE,None required,NONE,Not Required,CONFIRMED,NONE,HIGH,ENGLISH_NATIVE
CASE-0167,Patient started on thyroid supplement. Review in 5 days. Return after 3 months for blood test.,Review in 5 days and 3 months,CONTRADICTORY_TIMING,1,ROUTINE,Reconcile short-term review with 3-month blood test schedule.,ROUTINE_CLINICIAN,Resolved,CONFIRMED,NONE,HIGH,DIALECT_ENGLISH
CASE-0168,Hypertension follow-up. Repeat BP check in 24 hours. Schedule follow-up in 6 weeks.,Repeat BP in 24h and 6 weeks,CONTRADICTORY_TIMING,1,ROUTINE,Clarify if 24-hour ambulatory check or 6-week routine visit is intended.,ROUTINE_CLINICIAN,Resolved,CONFIRMED,NONE,HIGH,TRANSLATED_ENGLISH
CASE-0169,Post-traumatic abdominal rigidity and tachycardia. Follow-up next week.,Follow-up next week despite acute abdomen,URGENCY_AMBIGUITY,1,HIGH,Urgency Conflict: Suspected internal bleeding requiring immediate surgical evaluation!,IMMEDIATE_URGENT_REVIEW,Resolved,ESCALATED,NONE,HIGH,DIALECT_ENGLISH
CASE-0170,   ,N/A,MISSING_NOTE,1,ROUTINE,Clinical note contains only whitespace. Manual clinical review required.,MANUAL_REVIEW,Resolved,REJECTED,Other,EMPTY,DIALECT_ENGLISH
CASE-0171,Nurse Triage Note: Elevated blood pressure observed. Review scheduled for 10th August.,Review scheduled 10th August,MISSING_ACTION,1,ROUTINE,Identify required clinical procedure or test prior to review.,ROUTINE_CLINICIAN,Resolved,CONFIRMED,NONE,HIGH,STANDARD_ENGLISH
CASE-0172,"Child presenting with lethargy, high grade fever and vomiting. Check tomorrow if worsens.",Check tomorrow despite severe pediatric lethargy,URGENCY_AMBIGUITY,1,HIGH,Urgency Conflict: Pediatric red-flag symptoms require urgent emergency triage!,IMMEDIATE_URGENT_REVIEW,Resolved,ESCALATED,NONE,HIGH,ENGLISH_NATIVE
CASE-0173,"Minor head injury evaluated, CT normal. Patient advised to return for follow-up after some time.",Follow-up after some time,FOLLOWUP_TIME_MISSING,1,ROUTINE,What exact date or number of days should be used for follow-up?,ROUTINE_CLINICIAN,Resolved,CONFIRMED,NONE,HIGH,DIALECT_ENGLISH
CASE-0174,Patient has worsening breathing difficulty. Review later.,Review later despite worsening dyspnea,URGENCY_AMBIGUITY,1,HIGH,Urgency Conflict: Severe respiratory symptom combined with delayed review. Immediate clinical evaluation required!,IMMEDIATE_URGENT_REVIEW,Resolved,ESCALATED,NONE,HIGH,TRANSLATED_ENGLISH
CASE-0175,Hypertension consultation. BP recorded at 135/85 mmHg. Continue daily Amlodipine 5mg. Schedule follow-up visit on 15 September.,Follow-up on 15 September,NONE,0,ROUTINE,None required,NONE,Not Required,CONFIRMED,NONE,HIGH,ENGLISH_NATIVE
CASE-0176,Upper respiratory tract infection. Advised bed rest and oral fluids. Return to clinic on Friday if not completely resolved.,Return on Friday if unresolved,NONE,0,ROUTINE,None required,NONE,Not Required,CONFIRMED,NONE,HIGH,DIALECT_ENGLISH
CASE-0177,Outpatient Record: Complex wound dressing. The health worker ought to monitor wound site.,Health worker ought to monitor,UNCLEAR_RESPONSIBILITY,1,ROUTINE,Designate named healthcare provider or specific clinic role for monitoring.,ROUTINE_CLINICIAN,Resolved,CONFIRMED,NONE,HIGH,TRANSLATED_ENGLISH
CASE-0178,Rural Clinic Visit Note: Post-traumatic abdominal rigidity and tachycardia. Follow-up next week.,Follow-up next week despite acute abdomen,URGENCY_AMBIGUITY,1,HIGH,Urgency Conflict: Suspected internal bleeding requiring immediate surgical evaluation!,IMMEDIATE_URGENT_REVIEW,Resolved,ESCALATED,NONE,HIGH,ENGLISH_NATIVE
CASE-0179,Post-operative suture care. Come back in 3 days. Return to clinic next month.,Come back in 3 days and next month,CONTRADICTORY_TIMING,1,ROUTINE,Confirm whether suture removal is at day 3 or 30 days.,ROUTINE_CLINICIAN,Resolved,CONFIRMED,NONE,HIGH,TRANSLATED_ENGLISH
CASE-0180,Outpatient Record: Mild gastritis symptoms. Continue PPI medication as long as needed.,Continue PPI as long as needed,VAGUE_DURATION,1,ROUTINE,Define maximum treatment duration and clear review threshold.,ROUTINE_CLINICIAN,Resolved,CONFIRMED,NONE,HIGH,STANDARD_ENGLISH
CASE-0181,Outpatient Record: Upper respiratory tract infection. Advised bed rest and oral fluids. Return to clinic on Friday if not completely resolved.,Return on Friday if unresolved,NONE,0,ROUTINE,None required,NONE,Not Required,CONFIRMED,NONE,HIGH,DIALECT_ENGLISH
CASE-0182,Elevated blood pressure observed. Review scheduled for 10th August.,Review scheduled 10th August,MISSING_ACTION,1,ROUTINE,Identify required clinical procedure or test prior to review.,ROUTINE_CLINICIAN,Resolved,CONFIRMED,NONE,HIGH,ENGLISH_NATIVE
CASE-0183,Patient diagnosed with acute pharyngitis. Amoxicillin 500mg prescribed for 7 days. Return to clinic in 5 days for review.,Review in 5 days,NONE,0,ROUTINE,None required,NONE,Not Required,CONFIRMED,NONE,HIGH,TRANSLATED_ENGLISH
CASE-0184,Elevated blood pressure observed. Review scheduled for 10th August.,Review scheduled 10th August,MISSING_ACTION,1,ROUTINE,Identify required clinical procedure or test prior to review.,ROUTINE_CLINICIAN,Resolved,CONFIRMED,NONE,HIGH,ENGLISH_NATIVE
CASE-0185,Rural Clinic Visit Note: Patient started on thyroid supplement. Review in 5 days. Return after 3 months for blood test.,Review in 5 days and 3 months,CONTRADICTORY_TIMING,1,ROUTINE,Reconcile short-term review with 3-month blood test schedule.,ROUTINE_CLINICIAN,Resolved,CONFIRMED,NONE,HIGH,TRANSLATED_ENGLISH
CASE-0186,,,MISSING_NOTE,1,ROUTINE,Clinical note is completely empty. Manual clinical review required before patient departure.,MANUAL_REVIEW,Resolved,REJECTED,Specialist already contacted,EMPTY,TRANSLATED_ENGLISH
CASE-0187,chk BP agin latr nxt wk if high,chk BP latr,NOISY_NOTE,1,ROUTINE,Noisy input detected. Clarify exact target day and target blood pressure threshold.,ROUTINE_CLINICIAN,Resolved,MODIFIED,False positive,NOISY,DIALECT_ENGLISH
CASE-0188,Post-operative suture care. Come back in 3 days. Return to clinic next month.,Come back in 3 days and next month,CONTRADICTORY_TIMING,1,ROUTINE,Confirm whether suture removal is at day 3 or 30 days.,ROUTINE_CLINICIAN,Resolved,CONFIRMED,NONE,HIGH,TRANSLATED_ENGLISH
CASE-0189,Post-op wound check day 7. Wound healing cleanly with no signs of infection. Sutures removed. Next checkup in 10 days.,Checkup in 10 days,NONE,0,ROUTINE,None required,NONE,Not Required,CONFIRMED,NONE,HIGH,DIALECT_ENGLISH
CASE-0190,Patient with chest congestion. Review tomorrow. Follow-up after two weeks.,Review tomorrow and after 2 weeks,CONTRADICTORY_TIMING,1,MODERATE,Resolve conflict: Is immediate review needed tomorrow or routine follow-up in 2 weeks?,ROUTINE_CLINICIAN,Resolved,CONFIRMED,NONE,HIGH,TRANSLATED_ENGLISH
CASE-0191,follw up aftr 3 dys if condtion worsn,follw up 3 dys,NOISY_NOTE,1,ROUTINE,Low-confidence transcription. Verify if 'follow up after 3 days if condition worsens' was intended.,ROUTINE_CLINICIAN,Resolved,MODIFIED,Other,NOISY,DIALECT_ENGLISH
CASE-0192,Consultation Summary: Pediatric fever settled. See nurse next Monday.,See nurse next Monday,MISSING_ACTION,1,ROUTINE,"Specify the action needed (growth monitoring, repeat temperature check, vaccination).",ROUTINE_CLINICIAN,Resolved,CONFIRMED,NONE,HIGH,DIALECT_ENGLISH
CASE-0193,Patient started on antihypertensive therapy. Come back if symptoms get worse.,Come back if symptoms get worse,VAGUE_SYMPTOM_CONDITION,1,ROUTINE,What specific red-flag symptoms or BP thresholds define 'worse'?,ROUTINE_CLINICIAN,Resolved,CONFIRMED,NONE,HIGH,STANDARD_ENGLISH
CASE-0194,Patient has worsening breathing difficulty. Review later.,Review later despite worsening dyspnea,URGENCY_AMBIGUITY,1,HIGH,Urgency Conflict: Severe respiratory symptom combined with delayed review. Immediate clinical evaluation required!,IMMEDIATE_URGENT_REVIEW,Resolved,ESCALATED,NONE,HIGH,ENGLISH_NATIVE
CASE-0195,Patient presenting with mild eczema. Hydrocortisone cream applied. Return to rural health center in 2 weeks for reassessment.,Reassessment in 2 weeks,NONE,0,ROUTINE,None required,NONE,Not Required,CONFIRMED,NONE,HIGH,TRANSLATED_ENGLISH
CASE-0196,Hypertension consultation. BP recorded at 135/85 mmHg. Continue daily Amlodipine 5mg. Schedule follow-up visit on 15 September.,Follow-up on 15 September,NONE,0,ROUTINE,None required,NONE,Not Required,CONFIRMED,NONE,HIGH,DIALECT_ENGLISH
CASE-0197,Nurse Triage Note: Post-operative suture care. Come back in 3 days. Return to clinic next month.,Come back in 3 days and next month,CONTRADICTORY_TIMING,1,ROUTINE,Confirm whether suture removal is at day 3 or 30 days.,ROUTINE_CLINICIAN,Resolved,CONFIRMED,NONE,HIGH,DIALECT_ENGLISH
CASE-0198,Suspected glaucoma with elevated intraocular pressure. Refer to specialist if necessary.,Refer to specialist if necessary,UNCLEAR_SPECIALIST_REFERRAL,1,MODERATE,Which specialist department (Ophthalmology) and under what exact criteria?,SENIOR_CLINICIAN,Resolved,CONFIRMED,NONE,HIGH,STANDARD_ENGLISH
CASE-0199,Hypertension consultation. BP recorded at 135/85 mmHg. Continue daily Amlodipine 5mg. Schedule follow-up visit on 15 September.,Follow-up on 15 September,NONE,0,ROUTINE,None required,NONE,Not Required,CONFIRMED,NONE,HIGH,TRANSLATED_ENGLISH
CASE-0200,   ,N/A,MISSING_NOTE,1,ROUTINE,Clinical note contains only whitespace. Manual clinical review required.,MANUAL_REVIEW,Resolved,REJECTED,Specialist already contacted,EMPTY,TRANSLATED_ENGLISH
CASE-0201,Outpatient Record: Type 2 diabetes routine check. HbA1c 7.2%. Continue Metformin 500mg BD. Re-check blood fasting sugar on Monday morning.,Fasting sugar recheck Monday,NONE,0,ROUTINE,None required,NONE,Not Required,CONFIRMED,NONE,HIGH,DIALECT_ENGLISH
CASE-0202,Suspected glaucoma with elevated intraocular pressure. Refer to specialist if necessary.,Refer to specialist if necessary,UNCLEAR_SPECIALIST_REFERRAL,1,MODERATE,Which specialist department (Ophthalmology) and under what exact criteria?,SENIOR_CLINICIAN,Resolved,CONFIRMED,NONE,HIGH,TRANSLATED_ENGLISH
CASE-0203,Type 2 diabetes routine check. HbA1c 7.2%. Continue Metformin 500mg BD. Re-check blood fasting sugar on Monday morning.,Fasting sugar recheck Monday,NONE,0,ROUTINE,None required,NONE,Not Required,CONFIRMED,NONE,HIGH,ENGLISH_NATIVE
CASE-0204,Severe high fever 40C with neck stiffness. Re-examine after some time.,Re-examine after some time despite high fever and stiff neck,URGENCY_AMBIGUITY,1,HIGH,Urgency Conflict: Meningeal signs require emergency escalation to hospital care immediately!,IMMEDIATE_URGENT_REVIEW,Resolved,ESCALATED,NONE,HIGH,STANDARD_ENGLISH
CASE-0205,Patient diagnosed with acute pharyngitis. Amoxicillin 500mg prescribed for 7 days. Return to clinic in 5 days for review.,Review in 5 days,NONE,0,ROUTINE,None required,NONE,Not Required,CONFIRMED,NONE,HIGH,TRANSLATED_ENGLISH
CASE-0206,Hypertension consultation. BP recorded at 135/85 mmHg. Continue daily Amlodipine 5mg. Schedule follow-up visit on 15 September.,Follow-up on 15 September,NONE,0,ROUTINE,None required,NONE,Not Required,CONFIRMED,NONE,HIGH,ENGLISH_NATIVE
CASE-0207,Skin lesion showing irregular borders. Refer to expert if needed.,Refer to expert if needed,UNCLEAR_SPECIALIST_REFERRAL,1,MODERATE,"Specify Dermatology referral trigger (biopsy result, size increase) and referral priority.",SENIOR_CLINICIAN,Resolved,CONFIRMED,NONE,HIGH,TRANSLATED_ENGLISH
CASE-0208,Conjunctivitis treated with antibiotic drops. Return if eyes look bad.,Return if eyes look bad,VAGUE_SYMPTOM_CONDITION,1,ROUTINE,"Define clinical indicators (increased discharge, vision change, severe pain).",ROUTINE_CLINICIAN,Resolved,CONFIRMED,NONE,HIGH,TRANSLATED_ENGLISH
CASE-0209,Patient with chest congestion. Review tomorrow. Follow-up after two weeks.,Review tomorrow and after 2 weeks,CONTRADICTORY_TIMING,1,MODERATE,Resolve conflict: Is immediate review needed tomorrow or routine follow-up in 2 weeks?,ROUTINE_CLINICIAN,Resolved,CONFIRMED,NONE,HIGH,ENGLISH_NATIVE
CASE-0210,Outpatient Record: Pediatric fever settled. See nurse next Monday.,See nurse next Monday,MISSING_ACTION,1,ROUTINE,"Specify the action needed (growth monitoring, repeat temperature check, vaccination).",ROUTINE_CLINICIAN,Resolved,CONFIRMED,NONE,HIGH,DIALECT_ENGLISH
CASE-0211,Rural Clinic Visit Note: Patient presenting with mild eczema. Hydrocortisone cream applied. Return to rural health center in 2 weeks for reassessment.,Reassessment in 2 weeks,NONE,0,ROUTINE,None required,NONE,Not Required,CONFIRMED,NONE,HIGH,TRANSLATED_ENGLISH
CASE-0212,Hypertension consultation. BP recorded at 135/85 mmHg. Continue daily Amlodipine 5mg. Schedule follow-up visit on 15 September.,Follow-up on 15 September,NONE,0,ROUTINE,None required,NONE,Not Required,CONFIRMED,NONE,HIGH,STANDARD_ENGLISH
CASE-0213,Consultation Summary: Patient presenting with mild eczema. Hydrocortisone cream applied. Return to rural health center in 2 weeks for reassessment.,Reassessment in 2 weeks,NONE,0,ROUTINE,None required,NONE,Not Required,CONFIRMED,NONE,HIGH,ENGLISH_NATIVE
CASE-0214,Upper respiratory tract infection. Advised bed rest and oral fluids. Return to clinic on Friday if not completely resolved.,Return on Friday if unresolved,NONE,0,ROUTINE,None required,NONE,Not Required,CONFIRMED,NONE,HIGH,ENGLISH_NATIVE
CASE-0215,Pediatric fever settled. See nurse next Monday.,See nurse next Monday,MISSING_ACTION,1,ROUTINE,"Specify the action needed (growth monitoring, repeat temperature check, vaccination).",ROUTINE_CLINICIAN,Resolved,CONFIRMED,NONE,HIGH,STANDARD_ENGLISH
CASE-0216,Mild bronchitis. Take cough syrup. Return to clinic if condition deteriorates.,Return if condition deteriorates,VAGUE_SYMPTOM_CONDITION,1,MODERATE,"Which specific signs (fever >38.5C, severe shortness of breath) constitute deterioration?",ROUTINE_CLINICIAN,Resolved,CONFIRMED,NONE,HIGH,ENGLISH_NATIVE
CASE-0217,Rural Clinic Visit Note: Upper respiratory tract infection. Advised bed rest and oral fluids. Return to clinic on Friday if not completely resolved.,Return on Friday if unresolved,NONE,0,ROUTINE,None required,NONE,Not Required,CONFIRMED,NONE,HIGH,DIALECT_ENGLISH
CASE-0218,Outpatient Record: Pediatric fever settled. See nurse next Monday.,See nurse next Monday,MISSING_ACTION,1,ROUTINE,"Specify the action needed (growth monitoring, repeat temperature check, vaccination).",ROUTINE_CLINICIAN,Resolved,CONFIRMED,NONE,HIGH,STANDARD_ENGLISH
CASE-0219,Post-op wound check day 7. Wound healing cleanly with no signs of infection. Sutures removed. Next checkup in 10 days.,Checkup in 10 days,NONE,0,ROUTINE,None required,NONE,Not Required,CONFIRMED,NONE,HIGH,STANDARD_ENGLISH
CASE-0220,Skin lesion showing irregular borders. Refer to expert if needed.,Refer to expert if needed,UNCLEAR_SPECIALIST_REFERRAL,1,MODERATE,"Specify Dermatology referral trigger (biopsy result, size increase) and referral priority.",SENIOR_CLINICIAN,Resolved,CONFIRMED,NONE,HIGH,TRANSLATED_ENGLISH
CASE-0221,follw up aftr 3 dys if condtion worsn,follw up 3 dys,NOISY_NOTE,1,ROUTINE,Low-confidence transcription. Verify if 'follow up after 3 days if condition worsens' was intended.,ROUTINE_CLINICIAN,Resolved,MODIFIED,Resource unavailable,NOISY,TRANSLATED_ENGLISH
CASE-0222,Patient treated for gastroenteritis with oral rehydration salts. Review the patient later.,Review later,FOLLOWUP_TIME_MISSING,1,ROUTINE,When exactly should the patient return for follow-up?,ROUTINE_CLINICIAN,Resolved,CONFIRMED,NONE,HIGH,TRANSLATED_ENGLISH
CASE-0223,Mild gastritis symptoms. Continue PPI medication as long as needed.,Continue PPI as long as needed,VAGUE_DURATION,1,ROUTINE,Define maximum treatment duration and clear review threshold.,ROUTINE_CLINICIAN,Resolved,CONFIRMED,NONE,HIGH,TRANSLATED_ENGLISH
CASE-0224,Patient diagnosed with acute pharyngitis. Amoxicillin 500mg prescribed for 7 days. Return to clinic in 5 days for review.,Review in 5 days,NONE,0,ROUTINE,None required,NONE,Not Required,CONFIRMED,NONE,HIGH,ENGLISH_NATIVE
CASE-0225,Patient presenting with mild eczema. Hydrocortisone cream applied. Return to rural health center in 2 weeks for reassessment.,Reassessment in 2 weeks,NONE,0,ROUTINE,None required,NONE,Not Required,CONFIRMED,NONE,HIGH,DIALECT_ENGLISH
CASE-0226,chk BP agin latr nxt wk if high,chk BP latr,NOISY_NOTE,1,ROUTINE,Noisy input detected. Clarify exact target day and target blood pressure threshold.,ROUTINE_CLINICIAN,Resolved,MODIFIED,False positive,NOISY,STANDARD_ENGLISH
CASE-0227,Fungal skin infection on forearm. Apply anti-fungal ointment for a couple of days.,Apply ointment for a couple of days,VAGUE_DURATION,1,ROUTINE,"Specify exact duration of ointment application (e.g., 7 or 14 days).",ROUTINE_CLINICIAN,Resolved,CONFIRMED,NONE,HIGH,ENGLISH_NATIVE
CASE-0228,"Child presenting with lethargy, high grade fever and vomiting. Check tomorrow if worsens.",Check tomorrow despite severe pediatric lethargy,URGENCY_AMBIGUITY,1,HIGH,Urgency Conflict: Pediatric red-flag symptoms require urgent emergency triage!,IMMEDIATE_URGENT_REVIEW,Resolved,ESCALATED,NONE,HIGH,STANDARD_ENGLISH
CASE-0229,Consultation Summary: Skin lesion showing irregular borders. Refer to expert if needed.,Refer to expert if needed,UNCLEAR_SPECIALIST_REFERRAL,1,MODERATE,"Specify Dermatology referral trigger (biopsy result, size increase) and referral priority.",SENIOR_CLINICIAN,Resolved,CONFIRMED,NONE,HIGH,TRANSLATED_ENGLISH
CASE-0230,Nurse Triage Note: Upper respiratory tract infection. Advised bed rest and oral fluids. Return to clinic on Friday if not completely resolved.,Return on Friday if unresolved,NONE,0,ROUTINE,None required,NONE,Not Required,CONFIRMED,NONE,HIGH,STANDARD_ENGLISH
CASE-0231,Suspected glaucoma with elevated intraocular pressure. Refer to specialist if necessary.,Refer to specialist if necessary,UNCLEAR_SPECIALIST_REFERRAL,1,MODERATE,Which specialist department (Ophthalmology) and under what exact criteria?,SENIOR_CLINICIAN,Resolved,CONFIRMED,NONE,HIGH,DIALECT_ENGLISH
CASE-0232,Post-discharge stroke rehabilitation. Patient needs to be checked regularly.,Patient needs to be checked regularly,UNCLEAR_RESPONSIBILITY,1,ROUTINE,Assign explicit staff role responsible for regular checks.,ROUTINE_CLINICIAN,Resolved,CONFIRMED,NONE,HIGH,TRANSLATED_ENGLISH
CASE-0233,Asthma exacerbation resolved after nebulization. Continue inhaler and come back soon.,Come back soon,FOLLOWUP_TIME_MISSING,1,ROUTINE,Specify the exact follow-up interval in days or weeks.,ROUTINE_CLINICIAN,Resolved,CONFIRMED,NONE,MEDIUM,DIALECT_ENGLISH
CASE-0234,Nurse Triage Note: Type 2 diabetes routine check. HbA1c 7.2%. Continue Metformin 500mg BD. Re-check blood fasting sugar on Monday morning.,Fasting sugar recheck Monday,NONE,0,ROUTINE,None required,NONE,Not Required,CONFIRMED,NONE,HIGH,ENGLISH_NATIVE
CASE-0235,Skin lesion showing irregular borders. Refer to expert if needed.,Refer to expert if needed,UNCLEAR_SPECIALIST_REFERRAL,1,MODERATE,"Specify Dermatology referral trigger (biopsy result, size increase) and referral priority.",SENIOR_CLINICIAN,Resolved,CONFIRMED,NONE,HIGH,DIALECT_ENGLISH
CASE-0236,Complex wound dressing. The health worker ought to monitor wound site.,Health worker ought to monitor,UNCLEAR_RESPONSIBILITY,1,ROUTINE,Designate named healthcare provider or specific clinic role for monitoring.,ROUTINE_CLINICIAN,Resolved,CONFIRMED,NONE,HIGH,STANDARD_ENGLISH
CASE-0237,Outpatient Record: Patient with chest congestion. Review tomorrow. Follow-up after two weeks.,Review tomorrow and after 2 weeks,CONTRADICTORY_TIMING,1,MODERATE,Resolve conflict: Is immediate review needed tomorrow or routine follow-up in 2 weeks?,ROUTINE_CLINICIAN,Resolved,CONFIRMED,NONE,HIGH,DIALECT_ENGLISH
CASE-0238,Mild bronchitis. Take cough syrup. Return to clinic if condition deteriorates.,Return if condition deteriorates,VAGUE_SYMPTOM_CONDITION,1,MODERATE,"Which specific signs (fever >38.5C, severe shortness of breath) constitute deterioration?",ROUTINE_CLINICIAN,Resolved,CONFIRMED,NONE,HIGH,TRANSLATED_ENGLISH
CASE-0239,Mild osteoarthritis of right knee. Paracetamol 1g TDS prescribed as needed for pain. Follow up in 3 weeks at clinic.,Follow up in 3 weeks,NONE,0,ROUTINE,None required,NONE,Not Required,CONFIRMED,NONE,HIGH,STANDARD_ENGLISH
CASE-0240,Nurse Triage Note: Type 2 diabetes routine check. HbA1c 7.2%. Continue Metformin 500mg BD. Re-check blood fasting sugar on Monday morning.,Fasting sugar recheck Monday,NONE,0,ROUTINE,None required,NONE,Not Required,CONFIRMED,NONE,HIGH,TRANSLATED_ENGLISH
CASE-0241,Persistent abdominal pain suspicious for gallstones. Consult specialist when appropriate.,Consult specialist when appropriate,UNCLEAR_SPECIALIST_REFERRAL,1,MODERATE,"Define referral criteria, target department (General Surgery/GI), and urgency timeline.",SENIOR_CLINICIAN,Resolved,CONFIRMED,NONE,HIGH,STANDARD_ENGLISH
CASE-0242,Mild bronchitis. Take cough syrup. Return to clinic if condition deteriorates.,Return if condition deteriorates,VAGUE_SYMPTOM_CONDITION,1,MODERATE,"Which specific signs (fever >38.5C, severe shortness of breath) constitute deterioration?",ROUTINE_CLINICIAN,Resolved,CONFIRMED,NONE,HIGH,STANDARD_ENGLISH
CASE-0243,Patient started on thyroid supplement. Review in 5 days. Return after 3 months for blood test.,Review in 5 days and 3 months,CONTRADICTORY_TIMING,1,ROUTINE,Reconcile short-term review with 3-month blood test schedule.,ROUTINE_CLINICIAN,Resolved,CONFIRMED,NONE,HIGH,TRANSLATED_ENGLISH
CASE-0244,Post-discharge stroke rehabilitation. Patient needs to be checked regularly.,Patient needs to be checked regularly,UNCLEAR_RESPONSIBILITY,1,ROUTINE,Assign explicit staff role responsible for regular checks.,ROUTINE_CLINICIAN,Resolved,CONFIRMED,NONE,HIGH,STANDARD_ENGLISH
CASE-0245,Iron deficiency anemia. Take ferrous sulfate tablets for a while then review.,Take tablets for a while,VAGUE_DURATION,1,ROUTINE,What is the intended treatment duration before rechecking blood count?,ROUTINE_CLINICIAN,Resolved,CONFIRMED,NONE,MEDIUM,TRANSLATED_ENGLISH
CASE-0246,Patient with chest congestion. Review tomorrow. Follow-up after two weeks.,Review tomorrow and after 2 weeks,CONTRADICTORY_TIMING,1,MODERATE,Resolve conflict: Is immediate review needed tomorrow or routine follow-up in 2 weeks?,ROUTINE_CLINICIAN,Resolved,CONFIRMED,NONE,HIGH,STANDARD_ENGLISH
CASE-0247,Patient presenting with mild eczema. Hydrocortisone cream applied. Return to rural health center in 2 weeks for reassessment.,Reassessment in 2 weeks,NONE,0,ROUTINE,None required,NONE,Not Required,CONFIRMED,NONE,HIGH,ENGLISH_NATIVE
CASE-0248,Nurse Triage Note: Hypertension follow-up. Repeat BP check in 24 hours. Schedule follow-up in 6 weeks.,Repeat BP in 24h and 6 weeks,CONTRADICTORY_TIMING,1,ROUTINE,Clarify if 24-hour ambulatory check or 6-week routine visit is intended.,ROUTINE_CLINICIAN,Resolved,CONFIRMED,NONE,HIGH,TRANSLATED_ENGLISH
CASE-0249,Post-op wound check day 7. Wound healing cleanly with no signs of infection. Sutures removed. Next checkup in 10 days.,Checkup in 10 days,NONE,0,ROUTINE,None required,NONE,Not Required,CONFIRMED,NONE,HIGH,ENGLISH_NATIVE
CASE-0250,Suspected glaucoma with elevated intraocular pressure. Refer to specialist if necessary.,Refer to specialist if necessary,UNCLEAR_SPECIALIST_REFERRAL,1,MODERATE,Which specialist department (Ophthalmology) and under what exact criteria?,SENIOR_CLINICIAN,Resolved,CONFIRMED,NONE,HIGH,STANDARD_ENGLISH
CASE-0251,Patient has worsening breathing difficulty. Review later.,Review later despite worsening dyspnea,URGENCY_AMBIGUITY,1,HIGH,Urgency Conflict: Severe respiratory symptom combined with delayed review. Immediate clinical evaluation required!,IMMEDIATE_URGENT_REVIEW,Resolved,ESCALATED,NONE,HIGH,TRANSLATED_ENGLISH
CASE-0252,Rural Clinic Visit Note: Post-discharge stroke rehabilitation. Patient needs to be checked regularly.,Patient needs to be checked regularly,UNCLEAR_RESPONSIBILITY,1,ROUTINE,Assign explicit staff role responsible for regular checks.,ROUTINE_CLINICIAN,Resolved,CONFIRMED,NONE,HIGH,DIALECT_ENGLISH
CASE-0253,Type 2 diabetes routine check. HbA1c 7.2%. Continue Metformin 500mg BD. Re-check blood fasting sugar on Monday morning.,Fasting sugar recheck Monday,NONE,0,ROUTINE,None required,NONE,Not Required,CONFIRMED,NONE,HIGH,DIALECT_ENGLISH
CASE-0254,Nurse Triage Note: Upper respiratory tract infection. Advised bed rest and oral fluids. Return to clinic on Friday if not completely resolved.,Return on Friday if unresolved,NONE,0,ROUTINE,None required,NONE,Not Required,CONFIRMED,NONE,HIGH,TRANSLATED_ENGLISH
CASE-0255,Post-discharge stroke rehabilitation. Patient needs to be checked regularly.,Patient needs to be checked regularly,UNCLEAR_RESPONSIBILITY,1,ROUTINE,Assign explicit staff role responsible for regular checks.,ROUTINE_CLINICIAN,Resolved,CONFIRMED,NONE,HIGH,ENGLISH_NATIVE
CASE-0256,Patient started on antihypertensive therapy. Come back if symptoms get worse.,Come back if symptoms get worse,VAGUE_SYMPTOM_CONDITION,1,ROUTINE,What specific red-flag symptoms or BP thresholds define 'worse'?,ROUTINE_CLINICIAN,Resolved,CONFIRMED,NONE,HIGH,STANDARD_ENGLISH
CASE-0257,Pediatric fever settled. See nurse next Monday.,See nurse next Monday,MISSING_ACTION,1,ROUTINE,"Specify the action needed (growth monitoring, repeat temperature check, vaccination).",ROUTINE_CLINICIAN,Resolved,CONFIRMED,NONE,HIGH,ENGLISH_NATIVE
CASE-0258,Post-vaccination fever and arm pain. Re-consult if patient feels unwell.,Re-consult if feels unwell,VAGUE_SYMPTOM_CONDITION,1,ROUTINE,"Clarify parameters for re-consultation (e.g., persistent fever >48 hours).",ROUTINE_CLINICIAN,Resolved,CONFIRMED,NONE,HIGH,ENGLISH_NATIVE
CASE-0259,Fungal skin infection on forearm. Apply anti-fungal ointment for a couple of days.,Apply ointment for a couple of days,VAGUE_DURATION,1,ROUTINE,"Specify exact duration of ointment application (e.g., 7 or 14 days).",ROUTINE_CLINICIAN,Resolved,CONFIRMED,NONE,HIGH,TRANSLATED_ENGLISH
CASE-0260,refr specist if syncp recr,refr specist,NOISY_NOTE,1,MODERATE,Noisy text. Clarify referral criteria for recurrent syncope and target specialist.,SENIOR_CLINICIAN,Resolved,MODIFIED,Recommendation not applicable,NOISY,DIALECT_ENGLISH
CASE-0261,Patient diagnosed with acute pharyngitis. Amoxicillin 500mg prescribed for 7 days. Return to clinic in 5 days for review.,Review in 5 days,NONE,0,ROUTINE,None required,NONE,Not Required,CONFIRMED,NONE,HIGH,DIALECT_ENGLISH
CASE-0262,follw up aftr 3 dys if condtion worsn,follw up 3 dys,NOISY_NOTE,1,ROUTINE,Low-confidence transcription. Verify if 'follow up after 3 days if condition worsens' was intended.,ROUTINE_CLINICIAN,Resolved,MODIFIED,Specialist already contacted,NOISY,DIALECT_ENGLISH
CASE-0263,Patient treated for gastroenteritis with oral rehydration salts. Review the patient later.,Review later,FOLLOWUP_TIME_MISSING,1,ROUTINE,When exactly should the patient return for follow-up?,ROUTINE_CLINICIAN,Resolved,CONFIRMED,NONE,HIGH,DIALECT_ENGLISH
CASE-0264,Upper respiratory tract infection. Advised bed rest and oral fluids. Return to clinic on Friday if not completely resolved.,Return on Friday if unresolved,NONE,0,ROUTINE,None required,NONE,Not Required,CONFIRMED,NONE,HIGH,STANDARD_ENGLISH
CASE-0265,   ,N/A,MISSING_NOTE,1,ROUTINE,Clinical note contains only whitespace. Manual clinical review required.,MANUAL_REVIEW,Resolved,REJECTED,Other,EMPTY,STANDARD_ENGLISH
CASE-0266,pt revw in few dyas or wks if pain persist,pt revw few dyas,NOISY_NOTE,1,ROUTINE,Low-confidence text. Confirm exact follow-up interval and pain management plan.,ROUTINE_CLINICIAN,Resolved,MODIFIED,Other,NOISY,ENGLISH_NATIVE
CASE-0267,Patient has worsening breathing difficulty. Review later.,Review later despite worsening dyspnea,URGENCY_AMBIGUITY,1,HIGH,Urgency Conflict: Severe respiratory symptom combined with delayed review. Immediate clinical evaluation required!,IMMEDIATE_URGENT_REVIEW,Resolved,ESCALATED,NONE,HIGH,DIALECT_ENGLISH
CASE-0268,Nurse Triage Note: Fungal skin infection on forearm. Apply anti-fungal ointment for a couple of days.,Apply ointment for a couple of days,VAGUE_DURATION,1,ROUTINE,"Specify exact duration of ointment application (e.g., 7 or 14 days).",ROUTINE_CLINICIAN,Resolved,CONFIRMED,NONE,HIGH,TRANSLATED_ENGLISH
CASE-0269,pt revw in few dyas or wks if pain persist,pt revw few dyas,NOISY_NOTE,1,ROUTINE,Low-confidence text. Confirm exact follow-up interval and pain management plan.,ROUTINE_CLINICIAN,Resolved,MODIFIED,Resource unavailable,NOISY,TRANSLATED_ENGLISH
CASE-0270,Skin lesion showing irregular borders. Refer to expert if needed.,Refer to expert if needed,UNCLEAR_SPECIALIST_REFERRAL,1,MODERATE,"Specify Dermatology referral trigger (biopsy result, size increase) and referral priority.",SENIOR_CLINICIAN,Resolved,CONFIRMED,NONE,HIGH,DIALECT_ENGLISH
CASE-0271,Patient diagnosed with acute pharyngitis. Amoxicillin 500mg prescribed for 7 days. Return to clinic in 5 days for review.,Review in 5 days,NONE,0,ROUTINE,None required,NONE,Not Required,CONFIRMED,NONE,HIGH,TRANSLATED_ENGLISH
CASE-0272,pt revw in few dyas or wks if pain persist,pt revw few dyas,NOISY_NOTE,1,ROUTINE,Low-confidence text. Confirm exact follow-up interval and pain management plan.,ROUTINE_CLINICIAN,Resolved,MODIFIED,Clinical context differs,NOISY,DIALECT_ENGLISH
CASE-0273,Patient with fluctuating blood glucose levels. Someone should review the patient.,Someone should review the patient,UNCLEAR_RESPONSIBILITY,1,ROUTINE,"Who (duty doctor, community health nurse, endocrinologist) is responsible for review?",ROUTINE_CLINICIAN,Resolved,CONFIRMED,NONE,HIGH,STANDARD_ENGLISH
CASE-0274,Complex wound dressing. The health worker ought to monitor wound site.,Health worker ought to monitor,UNCLEAR_RESPONSIBILITY,1,ROUTINE,Designate named healthcare provider or specific clinic role for monitoring.,ROUTINE_CLINICIAN,Resolved,CONFIRMED,NONE,HIGH,ENGLISH_NATIVE
CASE-0275,,,MISSING_NOTE,1,ROUTINE,Clinical note is completely empty. Manual clinical review required before patient departure.,MANUAL_REVIEW,Resolved,REJECTED,False positive,EMPTY,DIALECT_ENGLISH
CASE-0276,Consultation Summary: Patient presenting with mild eczema. Hydrocortisone cream applied. Return to rural health center in 2 weeks for reassessment.,Reassessment in 2 weeks,NONE,0,ROUTINE,None required,NONE,Not Required,CONFIRMED,NONE,HIGH,DIALECT_ENGLISH
CASE-0277,Consultation Summary: Acute chest pressure with radiation to left arm noted. Return if convenient.,Return if convenient despite acute chest pain,URGENCY_AMBIGUITY,1,HIGH,Urgency Conflict: Potential cardiac event with vague follow-up. Immediate emergency assessment required!,IMMEDIATE_URGENT_REVIEW,Resolved,ESCALATED,NONE,HIGH,ENGLISH_NATIVE
CASE-0278,Upper respiratory tract infection. Advised bed rest and oral fluids. Return to clinic on Friday if not completely resolved.,Return on Friday if unresolved,NONE,0,ROUTINE,None required,NONE,Not Required,CONFIRMED,NONE,HIGH,STANDARD_ENGLISH
CASE-0279,pt revw in few dyas or wks if pain persist,pt revw few dyas,NOISY_NOTE,1,ROUTINE,Low-confidence text. Confirm exact follow-up interval and pain management plan.,ROUTINE_CLINICIAN,Resolved,MODIFIED,Clinical context differs,NOISY,ENGLISH_NATIVE
CASE-0280,Mild osteoarthritis of right knee. Paracetamol 1g TDS prescribed as needed for pain. Follow up in 3 weeks at clinic.,Follow up in 3 weeks,NONE,0,ROUTINE,None required,NONE,Not Required,CONFIRMED,NONE,HIGH,ENGLISH_NATIVE
CASE-0281,Patient completed course of antibiotics for urinary tract infection. Re-assess in a few days.,Re-assess in a few days,FOLLOWUP_TIME_MISSING,1,ROUTINE,Clarify the precise number of days before re-assessment.,ROUTINE_CLINICIAN,Resolved,CONFIRMED,NONE,HIGH,ENGLISH_NATIVE
CASE-0282,chk BP agin latr nxt wk if high,chk BP latr,NOISY_NOTE,1,ROUTINE,Noisy input detected. Clarify exact target day and target blood pressure threshold.,ROUTINE_CLINICIAN,Resolved,MODIFIED,Other,NOISY,ENGLISH_NATIVE
CASE-0283,Patient started on thyroid supplement. Review in 5 days. Return after 3 months for blood test.,Review in 5 days and 3 months,CONTRADICTORY_TIMING,1,ROUTINE,Reconcile short-term review with 3-month blood test schedule.,ROUTINE_CLINICIAN,Resolved,CONFIRMED,NONE,HIGH,ENGLISH_NATIVE
CASE-0284,refr specist if syncp recr,refr specist,NOISY_NOTE,1,MODERATE,Noisy text. Clarify referral criteria for recurrent syncope and target specialist.,SENIOR_CLINICIAN,Resolved,MODIFIED,Resource unavailable,NOISY,TRANSLATED_ENGLISH
CASE-0285,Patient with fluctuating blood glucose levels. Someone should review the patient.,Someone should review the patient,UNCLEAR_RESPONSIBILITY,1,ROUTINE,"Who (duty doctor, community health nurse, endocrinologist) is responsible for review?",ROUTINE_CLINICIAN,Resolved,CONFIRMED,NONE,HIGH,ENGLISH_NATIVE
CASE-0286,Patient completed course of antibiotics for urinary tract infection. Re-assess in a few days.,Re-assess in a few days,FOLLOWUP_TIME_MISSING,1,ROUTINE,Clarify the precise number of days before re-assessment.,ROUTINE_CLINICIAN,Resolved,CONFIRMED,NONE,HIGH,STANDARD_ENGLISH
CASE-0287,,,MISSING_NOTE,1,ROUTINE,Clinical note is completely empty. Manual clinical review required before patient departure.,MANUAL_REVIEW,Resolved,REJECTED,Resource unavailable,EMPTY,STANDARD_ENGLISH
CASE-0288,Patient started on thyroid supplement. Review in 5 days. Return after 3 months for blood test.,Review in 5 days and 3 months,CONTRADICTORY_TIMING,1,ROUTINE,Reconcile short-term review with 3-month blood test schedule.,ROUTINE_CLINICIAN,Resolved,CONFIRMED,NONE,HIGH,ENGLISH_NATIVE
CASE-0289,Fungal skin infection on forearm. Apply anti-fungal ointment for a couple of days.,Apply ointment for a couple of days,VAGUE_DURATION,1,ROUTINE,"Specify exact duration of ointment application (e.g., 7 or 14 days).",ROUTINE_CLINICIAN,Resolved,CONFIRMED,NONE,HIGH,DIALECT_ENGLISH
CASE-0290,Patient with fluctuating blood glucose levels. Someone should review the patient.,Someone should review the patient,UNCLEAR_RESPONSIBILITY,1,ROUTINE,"Who (duty doctor, community health nurse, endocrinologist) is responsible for review?",ROUTINE_CLINICIAN,Resolved,CONFIRMED,NONE,HIGH,DIALECT_ENGLISH
CASE-0291,Outpatient Record: Iron deficiency anemia. Take ferrous sulfate tablets for a while then review.,Take tablets for a while,VAGUE_DURATION,1,ROUTINE,What is the intended treatment duration before rechecking blood count?,ROUTINE_CLINICIAN,Resolved,CONFIRMED,NONE,MEDIUM,STANDARD_ENGLISH
CASE-0292,Outpatient Record: Suspected glaucoma with elevated intraocular pressure. Refer to specialist if necessary.,Refer to specialist if necessary,UNCLEAR_SPECIALIST_REFERRAL,1,MODERATE,Which specialist department (Ophthalmology) and under what exact criteria?,SENIOR_CLINICIAN,Resolved,CONFIRMED,NONE,HIGH,TRANSLATED_ENGLISH
CASE-0293,Conjunctivitis treated with antibiotic drops. Return if eyes look bad.,Return if eyes look bad,VAGUE_SYMPTOM_CONDITION,1,ROUTINE,"Define clinical indicators (increased discharge, vision change, severe pain).",ROUTINE_CLINICIAN,Resolved,CONFIRMED,NONE,HIGH,STANDARD_ENGLISH
CASE-0294,Consultation Summary: Asthma exacerbation resolved after nebulization. Continue inhaler and come back soon.,Come back soon,FOLLOWUP_TIME_MISSING,1,ROUTINE,Specify the exact follow-up interval in days or weeks.,ROUTINE_CLINICIAN,Resolved,CONFIRMED,NONE,MEDIUM,TRANSLATED_ENGLISH
CASE-0295,Rural Clinic Visit Note: Patient presenting with mild eczema. Hydrocortisone cream applied. Return to rural health center in 2 weeks for reassessment.,Reassessment in 2 weeks,NONE,0,ROUTINE,None required,NONE,Not Required,CONFIRMED,NONE,HIGH,STANDARD_ENGLISH
CASE-0296,Nurse Triage Note: refr specist if syncp recr,refr specist,NOISY_NOTE,1,MODERATE,Noisy text. Clarify referral criteria for recurrent syncope and target specialist.,SENIOR_CLINICIAN,Resolved,MODIFIED,Already addressed,NOISY,ENGLISH_NATIVE
CASE-0297,Outpatient Record: Patient started on thyroid supplement. Review in 5 days. Return after 3 months for blood test.,Review in 5 days and 3 months,CONTRADICTORY_TIMING,1,ROUTINE,Reconcile short-term review with 3-month blood test schedule.,ROUTINE_CLINICIAN,Resolved,CONFIRMED,NONE,HIGH,ENGLISH_NATIVE
CASE-0298,Patient started on antihypertensive therapy. Come back if symptoms get worse.,Come back if symptoms get worse,VAGUE_SYMPTOM_CONDITION,1,ROUTINE,What specific red-flag symptoms or BP thresholds define 'worse'?,ROUTINE_CLINICIAN,Resolved,CONFIRMED,NONE,HIGH,DIALECT_ENGLISH
CASE-0299,Type 2 diabetes routine check. HbA1c 7.2%. Continue Metformin 500mg BD. Re-check blood fasting sugar on Monday morning.,Fasting sugar recheck Monday,NONE,0,ROUTINE,None required,NONE,Not Required,CONFIRMED,NONE,HIGH,STANDARD_ENGLISH
CASE-0300,Patient has worsening breathing difficulty. Review later.,Review later despite worsening dyspnea,URGENCY_AMBIGUITY,1,HIGH,Urgency Conflict: Severe respiratory symptom combined with delayed review. Immediate clinical evaluation required!,IMMEDIATE_URGENT_REVIEW,Resolved,ESCALATED,NONE,HIGH,DIALECT_ENGLISH
CASE-0301,Asthma exacerbation resolved after nebulization. Continue inhaler and come back soon.,Come back soon,FOLLOWUP_TIME_MISSING,1,ROUTINE,Specify the exact follow-up interval in days or weeks.,ROUTINE_CLINICIAN,Resolved,CONFIRMED,NONE,MEDIUM,DIALECT_ENGLISH
CASE-0302,Outpatient Record: Iron deficiency anemia. Take ferrous sulfate tablets for a while then review.,Take tablets for a while,VAGUE_DURATION,1,ROUTINE,What is the intended treatment duration before rechecking blood count?,ROUTINE_CLINICIAN,Resolved,CONFIRMED,NONE,MEDIUM,DIALECT_ENGLISH
CASE-0303,Conjunctivitis treated with antibiotic drops. Return if eyes look bad.,Return if eyes look bad,VAGUE_SYMPTOM_CONDITION,1,ROUTINE,"Define clinical indicators (increased discharge, vision change, severe pain).",ROUTINE_CLINICIAN,Resolved,CONFIRMED,NONE,HIGH,TRANSLATED_ENGLISH
CASE-0304,Patient started on antihypertensive therapy. Come back if symptoms get worse.,Come back if symptoms get worse,VAGUE_SYMPTOM_CONDITION,1,ROUTINE,What specific red-flag symptoms or BP thresholds define 'worse'?,ROUTINE_CLINICIAN,Resolved,CONFIRMED,NONE,HIGH,TRANSLATED_ENGLISH
CASE-0305,Consultation Summary: Hypertension consultation. BP recorded at 135/85 mmHg. Continue daily Amlodipine 5mg. Schedule follow-up visit on 15 September.,Follow-up on 15 September,NONE,0,ROUTINE,None required,NONE,Not Required,CONFIRMED,NONE,HIGH,STANDARD_ENGLISH
CASE-0306,Patient started on thyroid supplement. Review in 5 days. Return after 3 months for blood test.,Review in 5 days and 3 months,CONTRADICTORY_TIMING,1,ROUTINE,Reconcile short-term review with 3-month blood test schedule.,ROUTINE_CLINICIAN,Resolved,CONFIRMED,NONE,HIGH,TRANSLATED_ENGLISH
CASE-0307,Pediatric fever settled. See nurse next Monday.,See nurse next Monday,MISSING_ACTION,1,ROUTINE,"Specify the action needed (growth monitoring, repeat temperature check, vaccination).",ROUTINE_CLINICIAN,Resolved,CONFIRMED,NONE,HIGH,STANDARD_ENGLISH
CASE-0308,Outpatient Record: Persistent abdominal pain suspicious for gallstones. Consult specialist when appropriate.,Consult specialist when appropriate,UNCLEAR_SPECIALIST_REFERRAL,1,MODERATE,"Define referral criteria, target department (General Surgery/GI), and urgency timeline.",SENIOR_CLINICIAN,Resolved,CONFIRMED,NONE,HIGH,TRANSLATED_ENGLISH
CASE-0309,"Child presenting with lethargy, high grade fever and vomiting. Check tomorrow if worsens.",Check tomorrow despite severe pediatric lethargy,URGENCY_AMBIGUITY,1,HIGH,Urgency Conflict: Pediatric red-flag symptoms require urgent emergency triage!,IMMEDIATE_URGENT_REVIEW,Resolved,ESCALATED,NONE,HIGH,ENGLISH_NATIVE
CASE-0310,Severe high fever 40C with neck stiffness. Re-examine after some time.,Re-examine after some time despite high fever and stiff neck,URGENCY_AMBIGUITY,1,HIGH,Urgency Conflict: Meningeal signs require emergency escalation to hospital care immediately!,IMMEDIATE_URGENT_REVIEW,Resolved,ESCALATED,NONE,HIGH,DIALECT_ENGLISH
CASE-0311,Patient with fluctuating blood glucose levels. Someone should review the patient.,Someone should review the patient,UNCLEAR_RESPONSIBILITY,1,ROUTINE,"Who (duty doctor, community health nurse, endocrinologist) is responsible for review?",ROUTINE_CLINICIAN,Resolved,CONFIRMED,NONE,HIGH,ENGLISH_NATIVE
CASE-0312,Outpatient Record: Suspected glaucoma with elevated intraocular pressure. Refer to specialist if necessary.,Refer to specialist if necessary,UNCLEAR_SPECIALIST_REFERRAL,1,MODERATE,Which specialist department (Ophthalmology) and under what exact criteria?,SENIOR_CLINICIAN,Resolved,CONFIRMED,NONE,HIGH,DIALECT_ENGLISH
CASE-0313,Patient with fluctuating blood glucose levels. Someone should review the patient.,Someone should review the patient,UNCLEAR_RESPONSIBILITY,1,ROUTINE,"Who (duty doctor, community health nurse, endocrinologist) is responsible for review?",ROUTINE_CLINICIAN,Resolved,CONFIRMED,NONE,HIGH,DIALECT_ENGLISH
CASE-0314,Skin lesion showing irregular borders. Refer to expert if needed.,Refer to expert if needed,UNCLEAR_SPECIALIST_REFERRAL,1,MODERATE,"Specify Dermatology referral trigger (biopsy result, size increase) and referral priority.",SENIOR_CLINICIAN,Resolved,CONFIRMED,NONE,HIGH,DIALECT_ENGLISH
CASE-0315,Patient treated for gastroenteritis with oral rehydration salts. Review the patient later.,Review later,FOLLOWUP_TIME_MISSING,1,ROUTINE,When exactly should the patient return for follow-up?,ROUTINE_CLINICIAN,Resolved,CONFIRMED,NONE,HIGH,TRANSLATED_ENGLISH
CASE-0316,Patient started on antihypertensive therapy. Come back if symptoms get worse.,Come back if symptoms get worse,VAGUE_SYMPTOM_CONDITION,1,ROUTINE,What specific red-flag symptoms or BP thresholds define 'worse'?,ROUTINE_CLINICIAN,Resolved,CONFIRMED,NONE,HIGH,TRANSLATED_ENGLISH
CASE-0317,Outpatient Record: Patient diagnosed with acute pharyngitis. Amoxicillin 500mg prescribed for 7 days. Return to clinic in 5 days for review.,Review in 5 days,NONE,0,ROUTINE,None required,NONE,Not Required,CONFIRMED,NONE,HIGH,DIALECT_ENGLISH
CASE-0318,follw up aftr 3 dys if condtion worsn,follw up 3 dys,NOISY_NOTE,1,ROUTINE,Low-confidence transcription. Verify if 'follow up after 3 days if condition worsens' was intended.,ROUTINE_CLINICIAN,Resolved,MODIFIED,Other,NOISY,DIALECT_ENGLISH
CASE-0319,Fungal skin infection on forearm. Apply anti-fungal ointment for a couple of days.,Apply ointment for a couple of days,VAGUE_DURATION,1,ROUTINE,"Specify exact duration of ointment application (e.g., 7 or 14 days).",ROUTINE_CLINICIAN,Resolved,CONFIRMED,NONE,HIGH,TRANSLATED_ENGLISH
CASE-0320,Post-operative suture care. Come back in 3 days. Return to clinic next month.,Come back in 3 days and next month,CONTRADICTORY_TIMING,1,ROUTINE,Confirm whether suture removal is at day 3 or 30 days.,ROUTINE_CLINICIAN,Resolved,CONFIRMED,NONE,HIGH,STANDARD_ENGLISH
CASE-0321,Post-traumatic abdominal rigidity and tachycardia. Follow-up next week.,Follow-up next week despite acute abdomen,URGENCY_AMBIGUITY,1,HIGH,Urgency Conflict: Suspected internal bleeding requiring immediate surgical evaluation!,IMMEDIATE_URGENT_REVIEW,Resolved,ESCALATED,NONE,HIGH,STANDARD_ENGLISH
CASE-0322,Patient started on thyroid supplement. Review in 5 days. Return after 3 months for blood test.,Review in 5 days and 3 months,CONTRADICTORY_TIMING,1,ROUTINE,Reconcile short-term review with 3-month blood test schedule.,ROUTINE_CLINICIAN,Resolved,CONFIRMED,NONE,HIGH,DIALECT_ENGLISH
CASE-0323,Rural Clinic Visit Note: Acute chest pressure with radiation to left arm noted. Return if convenient.,Return if convenient despite acute chest pain,URGENCY_AMBIGUITY,1,HIGH,Urgency Conflict: Potential cardiac event with vague follow-up. Immediate emergency assessment required!,IMMEDIATE_URGENT_REVIEW,Resolved,ESCALATED,NONE,HIGH,TRANSLATED_ENGLISH
CASE-0324,Mild osteoarthritis of right knee. Paracetamol 1g TDS prescribed as needed for pain. Follow up in 3 weeks at clinic.,Follow up in 3 weeks,NONE,0,ROUTINE,None required,NONE,Not Required,CONFIRMED,NONE,HIGH,STANDARD_ENGLISH
CASE-0325,Skin lesion showing irregular borders. Refer to expert if needed.,Refer to expert if needed,UNCLEAR_SPECIALIST_REFERRAL,1,MODERATE,"Specify Dermatology referral trigger (biopsy result, size increase) and referral priority.",SENIOR_CLINICIAN,Resolved,CONFIRMED,NONE,HIGH,STANDARD_ENGLISH
CASE-0326,Hypertension follow-up. Repeat BP check in 24 hours. Schedule follow-up in 6 weeks.,Repeat BP in 24h and 6 weeks,CONTRADICTORY_TIMING,1,ROUTINE,Clarify if 24-hour ambulatory check or 6-week routine visit is intended.,ROUTINE_CLINICIAN,Resolved,CONFIRMED,NONE,HIGH,ENGLISH_NATIVE
CASE-0327,,,MISSING_NOTE,1,ROUTINE,Clinical note is completely empty. Manual clinical review required before patient departure.,MANUAL_REVIEW,Resolved,REJECTED,Specialist already contacted,EMPTY,ENGLISH_NATIVE
CASE-0328,Elevated blood pressure observed. Review scheduled for 10th August.,Review scheduled 10th August,MISSING_ACTION,1,ROUTINE,Identify required clinical procedure or test prior to review.,ROUTINE_CLINICIAN,Resolved,CONFIRMED,NONE,HIGH,DIALECT_ENGLISH
CASE-0329,,,MISSING_NOTE,1,ROUTINE,Clinical note is completely empty. Manual clinical review required before patient departure.,MANUAL_REVIEW,Resolved,REJECTED,Specialist already contacted,EMPTY,STANDARD_ENGLISH
CASE-0330,Post-traumatic abdominal rigidity and tachycardia. Follow-up next week.,Follow-up next week despite acute abdomen,URGENCY_AMBIGUITY,1,HIGH,Urgency Conflict: Suspected internal bleeding requiring immediate surgical evaluation!,IMMEDIATE_URGENT_REVIEW,Resolved,ESCALATED,NONE,HIGH,TRANSLATED_ENGLISH
CASE-0331,Fungal skin infection on forearm. Apply anti-fungal ointment for a couple of days.,Apply ointment for a couple of days,VAGUE_DURATION,1,ROUTINE,"Specify exact duration of ointment application (e.g., 7 or 14 days).",ROUTINE_CLINICIAN,Resolved,CONFIRMED,NONE,HIGH,STANDARD_ENGLISH
CASE-0332,   ,N/A,MISSING_NOTE,1,ROUTINE,Clinical note contains only whitespace. Manual clinical review required.,MANUAL_REVIEW,Resolved,REJECTED,Clinical context differs,EMPTY,ENGLISH_NATIVE
CASE-0333,Conjunctivitis treated with antibiotic drops. Return if eyes look bad.,Return if eyes look bad,VAGUE_SYMPTOM_CONDITION,1,ROUTINE,"Define clinical indicators (increased discharge, vision change, severe pain).",ROUTINE_CLINICIAN,Resolved,CONFIRMED,NONE,HIGH,STANDARD_ENGLISH
CASE-0334,,,MISSING_NOTE,1,ROUTINE,Clinical note is completely empty. Manual clinical review required before patient departure.,MANUAL_REVIEW,Resolved,REJECTED,Resource unavailable,EMPTY,ENGLISH_NATIVE
CASE-0335,Mild osteoarthritis of right knee. Paracetamol 1g TDS prescribed as needed for pain. Follow up in 3 weeks at clinic.,Follow up in 3 weeks,NONE,0,ROUTINE,None required,NONE,Not Required,CONFIRMED,NONE,HIGH,DIALECT_ENGLISH
CASE-0336,Post-operative suture care. Come back in 3 days. Return to clinic next month.,Come back in 3 days and next month,CONTRADICTORY_TIMING,1,ROUTINE,Confirm whether suture removal is at day 3 or 30 days.,ROUTINE_CLINICIAN,Resolved,CONFIRMED,NONE,HIGH,DIALECT_ENGLISH
CASE-0337,Patient presenting with mild eczema. Hydrocortisone cream applied. Return to rural health center in 2 weeks for reassessment.,Reassessment in 2 weeks,NONE,0,ROUTINE,None required,NONE,Not Required,CONFIRMED,NONE,HIGH,STANDARD_ENGLISH
CASE-0338,Mild bronchitis. Take cough syrup. Return to clinic if condition deteriorates.,Return if condition deteriorates,VAGUE_SYMPTOM_CONDITION,1,MODERATE,"Which specific signs (fever >38.5C, severe shortness of breath) constitute deterioration?",ROUTINE_CLINICIAN,Resolved,CONFIRMED,NONE,HIGH,DIALECT_ENGLISH
CASE-0339,follw up aftr 3 dys if condtion worsn,follw up 3 dys,NOISY_NOTE,1,ROUTINE,Low-confidence transcription. Verify if 'follow up after 3 days if condition worsens' was intended.,ROUTINE_CLINICIAN,Resolved,MODIFIED,Already addressed,NOISY,STANDARD_ENGLISH
CASE-0340,Mild osteoarthritis of right knee. Paracetamol 1g TDS prescribed as needed for pain. Follow up in 3 weeks at clinic.,Follow up in 3 weeks,NONE,0,ROUTINE,None required,NONE,Not Required,CONFIRMED,NONE,HIGH,DIALECT_ENGLISH
CASE-0341,refr specist if syncp recr,refr specist,NOISY_NOTE,1,MODERATE,Noisy text. Clarify referral criteria for recurrent syncope and target specialist.,SENIOR_CLINICIAN,Resolved,MODIFIED,Already addressed,NOISY,TRANSLATED_ENGLISH
CASE-0342,   ,N/A,MISSING_NOTE,1,ROUTINE,Clinical note contains only whitespace. Manual clinical review required.,MANUAL_REVIEW,Resolved,REJECTED,Resource unavailable,EMPTY,TRANSLATED_ENGLISH
CASE-0343,Post-discharge stroke rehabilitation. Patient needs to be checked regularly.,Patient needs to be checked regularly,UNCLEAR_RESPONSIBILITY,1,ROUTINE,Assign explicit staff role responsible for regular checks.,ROUTINE_CLINICIAN,Resolved,CONFIRMED,NONE,HIGH,STANDARD_ENGLISH
CASE-0344,Post-op wound check day 7. Wound healing cleanly with no signs of infection. Sutures removed. Next checkup in 10 days.,Checkup in 10 days,NONE,0,ROUTINE,None required,NONE,Not Required,CONFIRMED,NONE,HIGH,ENGLISH_NATIVE
CASE-0345,Post-vaccination fever and arm pain. Re-consult if patient feels unwell.,Re-consult if feels unwell,VAGUE_SYMPTOM_CONDITION,1,ROUTINE,"Clarify parameters for re-consultation (e.g., persistent fever >48 hours).",ROUTINE_CLINICIAN,Resolved,CONFIRMED,NONE,HIGH,DIALECT_ENGLISH
CASE-0346,Outpatient Record: Persistent abdominal pain suspicious for gallstones. Consult specialist when appropriate.,Consult specialist when appropriate,UNCLEAR_SPECIALIST_REFERRAL,1,MODERATE,"Define referral criteria, target department (General Surgery/GI), and urgency timeline.",SENIOR_CLINICIAN,Resolved,CONFIRMED,NONE,HIGH,STANDARD_ENGLISH
CASE-0347,Consultation Summary: Patient has worsening breathing difficulty. Review later.,Review later despite worsening dyspnea,URGENCY_AMBIGUITY,1,HIGH,Urgency Conflict: Severe respiratory symptom combined with delayed review. Immediate clinical evaluation required!,IMMEDIATE_URGENT_REVIEW,Resolved,ESCALATED,NONE,HIGH,ENGLISH_NATIVE
CASE-0348,Patient presenting with mild eczema. Hydrocortisone cream applied. Return to rural health center in 2 weeks for reassessment.,Reassessment in 2 weeks,NONE,0,ROUTINE,None required,NONE,Not Required,CONFIRMED,NONE,HIGH,TRANSLATED_ENGLISH
CASE-0349,Post-vaccination fever and arm pain. Re-consult if patient feels unwell.,Re-consult if feels unwell,VAGUE_SYMPTOM_CONDITION,1,ROUTINE,"Clarify parameters for re-consultation (e.g., persistent fever >48 hours).",ROUTINE_CLINICIAN,Resolved,CONFIRMED,NONE,HIGH,DIALECT_ENGLISH
CASE-0350,Hypertension consultation. BP recorded at 135/85 mmHg. Continue daily Amlodipine 5mg. Schedule follow-up visit on 15 September.,Follow-up on 15 September,NONE,0,ROUTINE,None required,NONE,Not Required,CONFIRMED,NONE,HIGH,TRANSLATED_ENGLISH
CASE-0351,Nurse Triage Note: Patient started on thyroid supplement. Review in 5 days. Return after 3 months for blood test.,Review in 5 days and 3 months,CONTRADICTORY_TIMING,1,ROUTINE,Reconcile short-term review with 3-month blood test schedule.,ROUTINE_CLINICIAN,Resolved,CONFIRMED,NONE,HIGH,TRANSLATED_ENGLISH
CASE-0352,Outpatient Record: Pediatric fever settled. See nurse next Monday.,See nurse next Monday,MISSING_ACTION,1,ROUTINE,"Specify the action needed (growth monitoring, repeat temperature check, vaccination).",ROUTINE_CLINICIAN,Resolved,CONFIRMED,NONE,HIGH,TRANSLATED_ENGLISH
CASE-0353,Severe high fever 40C with neck stiffness. Re-examine after some time.,Re-examine after some time despite high fever and stiff neck,URGENCY_AMBIGUITY,1,HIGH,Urgency Conflict: Meningeal signs require emergency escalation to hospital care immediately!,IMMEDIATE_URGENT_REVIEW,Resolved,ESCALATED,NONE,HIGH,STANDARD_ENGLISH
CASE-0354,Hypertension follow-up. Repeat BP check in 24 hours. Schedule follow-up in 6 weeks.,Repeat BP in 24h and 6 weeks,CONTRADICTORY_TIMING,1,ROUTINE,Clarify if 24-hour ambulatory check or 6-week routine visit is intended.,ROUTINE_CLINICIAN,Resolved,CONFIRMED,NONE,HIGH,DIALECT_ENGLISH
CASE-0355,Patient diagnosed with acute pharyngitis. Amoxicillin 500mg prescribed for 7 days. Return to clinic in 5 days for review.,Review in 5 days,NONE,0,ROUTINE,None required,NONE,Not Required,CONFIRMED,NONE,HIGH,ENGLISH_NATIVE
CASE-0356,Patient with chest congestion. Review tomorrow. Follow-up after two weeks.,Review tomorrow and after 2 weeks,CONTRADICTORY_TIMING,1,MODERATE,Resolve conflict: Is immediate review needed tomorrow or routine follow-up in 2 weeks?,ROUTINE_CLINICIAN,Resolved,CONFIRMED,NONE,HIGH,TRANSLATED_ENGLISH
CASE-0357,Rural Clinic Visit Note: Patient with chest congestion. Review tomorrow. Follow-up after two weeks.,Review tomorrow and after 2 weeks,CONTRADICTORY_TIMING,1,MODERATE,Resolve conflict: Is immediate review needed tomorrow or routine follow-up in 2 weeks?,ROUTINE_CLINICIAN,Resolved,CONFIRMED,NONE,HIGH,TRANSLATED_ENGLISH
CASE-0358,Skin lesion showing irregular borders. Refer to expert if needed.,Refer to expert if needed,UNCLEAR_SPECIALIST_REFERRAL,1,MODERATE,"Specify Dermatology referral trigger (biopsy result, size increase) and referral priority.",SENIOR_CLINICIAN,Resolved,CONFIRMED,NONE,HIGH,ENGLISH_NATIVE
CASE-0359,Type 2 diabetes routine check. HbA1c 7.2%. Continue Metformin 500mg BD. Re-check blood fasting sugar on Monday morning.,Fasting sugar recheck Monday,NONE,0,ROUTINE,None required,NONE,Not Required,CONFIRMED,NONE,HIGH,STANDARD_ENGLISH
CASE-0360,Hypertension consultation. BP recorded at 135/85 mmHg. Continue daily Amlodipine 5mg. Schedule follow-up visit on 15 September.,Follow-up on 15 September,NONE,0,ROUTINE,None required,NONE,Not Required,CONFIRMED,NONE,HIGH,TRANSLATED_ENGLISH
CASE-0361,Mild bronchitis. Take cough syrup. Return to clinic if condition deteriorates.,Return if condition deteriorates,VAGUE_SYMPTOM_CONDITION,1,MODERATE,"Which specific signs (fever >38.5C, severe shortness of breath) constitute deterioration?",ROUTINE_CLINICIAN,Resolved,CONFIRMED,NONE,HIGH,DIALECT_ENGLISH
CASE-0362,Type 2 diabetes routine check. HbA1c 7.2%. Continue Metformin 500mg BD. Re-check blood fasting sugar on Monday morning.,Fasting sugar recheck Monday,NONE,0,ROUTINE,None required,NONE,Not Required,CONFIRMED,NONE,HIGH,DIALECT_ENGLISH
CASE-0363,   ,N/A,MISSING_NOTE,1,ROUTINE,Clinical note contains only whitespace. Manual clinical review required.,MANUAL_REVIEW,Resolved,REJECTED,Resource unavailable,EMPTY,TRANSLATED_ENGLISH
CASE-0364,Persistent abdominal pain suspicious for gallstones. Consult specialist when appropriate.,Consult specialist when appropriate,UNCLEAR_SPECIALIST_REFERRAL,1,MODERATE,"Define referral criteria, target department (General Surgery/GI), and urgency timeline.",SENIOR_CLINICIAN,Resolved,CONFIRMED,NONE,HIGH,TRANSLATED_ENGLISH
CASE-0365,Allergic dermatitis treated with antihistamines. Return to clinic at a convenient time.,Return at convenient time,FOLLOWUP_TIME_MISSING,1,ROUTINE,Define a specific follow-up target date for clinic visit.,ROUTINE_CLINICIAN,Resolved,MODIFIED,Patient preference,HIGH,STANDARD_ENGLISH
CASE-0366,Consultation Summary: Conjunctivitis treated with antibiotic drops. Return if eyes look bad.,Return if eyes look bad,VAGUE_SYMPTOM_CONDITION,1,ROUTINE,"Define clinical indicators (increased discharge, vision change, severe pain).",ROUTINE_CLINICIAN,Resolved,CONFIRMED,NONE,HIGH,STANDARD_ENGLISH
CASE-0367,Outpatient Record: Fungal skin infection on forearm. Apply anti-fungal ointment for a couple of days.,Apply ointment for a couple of days,VAGUE_DURATION,1,ROUTINE,"Specify exact duration of ointment application (e.g., 7 or 14 days).",ROUTINE_CLINICIAN,Resolved,CONFIRMED,NONE,HIGH,TRANSLATED_ENGLISH
CASE-0368,Mild osteoarthritis of right knee. Paracetamol 1g TDS prescribed as needed for pain. Follow up in 3 weeks at clinic.,Follow up in 3 weeks,NONE,0,ROUTINE,None required,NONE,Not Required,CONFIRMED,NONE,HIGH,TRANSLATED_ENGLISH
CASE-0369,"Minor head injury evaluated, CT normal. Patient advised to return for follow-up after some time.",Follow-up after some time,FOLLOWUP_TIME_MISSING,1,ROUTINE,What exact date or number of days should be used for follow-up?,ROUTINE_CLINICIAN,Resolved,CONFIRMED,NONE,HIGH,DIALECT_ENGLISH
CASE-0370,Post-traumatic abdominal rigidity and tachycardia. Follow-up next week.,Follow-up next week despite acute abdomen,URGENCY_AMBIGUITY,1,HIGH,Urgency Conflict: Suspected internal bleeding requiring immediate surgical evaluation!,IMMEDIATE_URGENT_REVIEW,Resolved,ESCALATED,NONE,HIGH,ENGLISH_NATIVE
CASE-0371,   ,N/A,MISSING_NOTE,1,ROUTINE,Clinical note contains only whitespace. Manual clinical review required.,MANUAL_REVIEW,Resolved,REJECTED,Recommendation not applicable,EMPTY,DIALECT_ENGLISH
CASE-0372,Outpatient Record: Diabetic ulcer dressing changed. Clinic visit in 3 days.,Clinic visit in 3 days,MISSING_ACTION,1,ROUTINE,"Clarify whether visit is for dressing change, debridement, or physician review.",ROUTINE_CLINICIAN,Resolved,CONFIRMED,NONE,HIGH,ENGLISH_NATIVE
CASE-0373,Hypertension follow-up. Repeat BP check in 24 hours. Schedule follow-up in 6 weeks.,Repeat BP in 24h and 6 weeks,CONTRADICTORY_TIMING,1,ROUTINE,Clarify if 24-hour ambulatory check or 6-week routine visit is intended.,ROUTINE_CLINICIAN,Resolved,CONFIRMED,NONE,HIGH,TRANSLATED_ENGLISH
CASE-0374,Skin lesion showing irregular borders. Refer to expert if needed.,Refer to expert if needed,UNCLEAR_SPECIALIST_REFERRAL,1,MODERATE,"Specify Dermatology referral trigger (biopsy result, size increase) and referral priority.",SENIOR_CLINICIAN,Resolved,CONFIRMED,NONE,HIGH,DIALECT_ENGLISH
CASE-0375,refr specist if syncp recr,refr specist,NOISY_NOTE,1,MODERATE,Noisy text. Clarify referral criteria for recurrent syncope and target specialist.,SENIOR_CLINICIAN,Resolved,MODIFIED,False positive,NOISY,DIALECT_ENGLISH
CASE-0376,Rural Clinic Visit Note: Post-vaccination fever and arm pain. Re-consult if patient feels unwell.,Re-consult if feels unwell,VAGUE_SYMPTOM_CONDITION,1,ROUTINE,"Clarify parameters for re-consultation (e.g., persistent fever >48 hours).",ROUTINE_CLINICIAN,Resolved,CONFIRMED,NONE,HIGH,DIALECT_ENGLISH
CASE-0377,Patient started on thyroid supplement. Review in 5 days. Return after 3 months for blood test.,Review in 5 days and 3 months,CONTRADICTORY_TIMING,1,ROUTINE,Reconcile short-term review with 3-month blood test schedule.,ROUTINE_CLINICIAN,Resolved,CONFIRMED,NONE,HIGH,DIALECT_ENGLISH
CASE-0378,Post-operative suture care. Come back in 3 days. Return to clinic next month.,Come back in 3 days and next month,CONTRADICTORY_TIMING,1,ROUTINE,Confirm whether suture removal is at day 3 or 30 days.,ROUTINE_CLINICIAN,Resolved,CONFIRMED,NONE,HIGH,ENGLISH_NATIVE
CASE-0379,,,MISSING_NOTE,1,ROUTINE,Clinical note is completely empty. Manual clinical review required before patient departure.,MANUAL_REVIEW,Resolved,REJECTED,Patient preference,EMPTY,STANDARD_ENGLISH
CASE-0380,Patient presenting with mild eczema. Hydrocortisone cream applied. Return to rural health center in 2 weeks for reassessment.,Reassessment in 2 weeks,NONE,0,ROUTINE,None required,NONE,Not Required,CONFIRMED,NONE,HIGH,STANDARD_ENGLISH
CASE-0381,Patient started on antihypertensive therapy. Come back if symptoms get worse.,Come back if symptoms get worse,VAGUE_SYMPTOM_CONDITION,1,ROUTINE,What specific red-flag symptoms or BP thresholds define 'worse'?,ROUTINE_CLINICIAN,Resolved,CONFIRMED,NONE,HIGH,ENGLISH_NATIVE
CASE-0382,"Child presenting with lethargy, high grade fever and vomiting. Check tomorrow if worsens.",Check tomorrow despite severe pediatric lethargy,URGENCY_AMBIGUITY,1,HIGH,Urgency Conflict: Pediatric red-flag symptoms require urgent emergency triage!,IMMEDIATE_URGENT_REVIEW,Resolved,ESCALATED,NONE,HIGH,DIALECT_ENGLISH
CASE-0383,Patient treated for gastroenteritis with oral rehydration salts. Review the patient later.,Review later,FOLLOWUP_TIME_MISSING,1,ROUTINE,When exactly should the patient return for follow-up?,ROUTINE_CLINICIAN,Resolved,CONFIRMED,NONE,HIGH,ENGLISH_NATIVE
CASE-0384,"Minor head injury evaluated, CT normal. Patient advised to return for follow-up after some time.",Follow-up after some time,FOLLOWUP_TIME_MISSING,1,ROUTINE,What exact date or number of days should be used for follow-up?,ROUTINE_CLINICIAN,Resolved,CONFIRMED,NONE,HIGH,ENGLISH_NATIVE
CASE-0385,Patient completed course of antibiotics for urinary tract infection. Re-assess in a few days.,Re-assess in a few days,FOLLOWUP_TIME_MISSING,1,ROUTINE,Clarify the precise number of days before re-assessment.,ROUTINE_CLINICIAN,Resolved,CONFIRMED,NONE,HIGH,ENGLISH_NATIVE
CASE-0386,Patient with chest congestion. Review tomorrow. Follow-up after two weeks.,Review tomorrow and after 2 weeks,CONTRADICTORY_TIMING,1,MODERATE,Resolve conflict: Is immediate review needed tomorrow or routine follow-up in 2 weeks?,ROUTINE_CLINICIAN,Resolved,CONFIRMED,NONE,HIGH,STANDARD_ENGLISH
CASE-0387,Persistent abdominal pain suspicious for gallstones. Consult specialist when appropriate.,Consult specialist when appropriate,UNCLEAR_SPECIALIST_REFERRAL,1,MODERATE,"Define referral criteria, target department (General Surgery/GI), and urgency timeline.",SENIOR_CLINICIAN,Resolved,CONFIRMED,NONE,HIGH,TRANSLATED_ENGLISH
CASE-0388,Rural Clinic Visit Note: Conjunctivitis treated with antibiotic drops. Return if eyes look bad.,Return if eyes look bad,VAGUE_SYMPTOM_CONDITION,1,ROUTINE,"Define clinical indicators (increased discharge, vision change, severe pain).",ROUTINE_CLINICIAN,Resolved,CONFIRMED,NONE,HIGH,DIALECT_ENGLISH
CASE-0389,Post-op wound check day 7. Wound healing cleanly with no signs of infection. Sutures removed. Next checkup in 10 days.,Checkup in 10 days,NONE,0,ROUTINE,None required,NONE,Not Required,CONFIRMED,NONE,HIGH,ENGLISH_NATIVE
CASE-0390,Patient presenting with mild eczema. Hydrocortisone cream applied. Return to rural health center in 2 weeks for reassessment.,Reassessment in 2 weeks,NONE,0,ROUTINE,None required,NONE,Not Required,CONFIRMED,NONE,HIGH,ENGLISH_NATIVE
CASE-0391,Upper respiratory tract infection. Advised bed rest and oral fluids. Return to clinic on Friday if not completely resolved.,Return on Friday if unresolved,NONE,0,ROUTINE,None required,NONE,Not Required,CONFIRMED,NONE,HIGH,TRANSLATED_ENGLISH
CASE-0392,   ,N/A,MISSING_NOTE,1,ROUTINE,Clinical note contains only whitespace. Manual clinical review required.,MANUAL_REVIEW,Resolved,REJECTED,Specialist already contacted,EMPTY,TRANSLATED_ENGLISH
CASE-0393,Mild bronchitis. Take cough syrup. Return to clinic if condition deteriorates.,Return if condition deteriorates,VAGUE_SYMPTOM_CONDITION,1,MODERATE,"Which specific signs (fever >38.5C, severe shortness of breath) constitute deterioration?",ROUTINE_CLINICIAN,Resolved,CONFIRMED,NONE,HIGH,ENGLISH_NATIVE
CASE-0394,Outpatient Record: Post-op wound check day 7. Wound healing cleanly with no signs of infection. Sutures removed. Next checkup in 10 days.,Checkup in 10 days,NONE,0,ROUTINE,None required,NONE,Not Required,CONFIRMED,NONE,HIGH,DIALECT_ENGLISH
CASE-0395,Outpatient Record: follw up aftr 3 dys if condtion worsn,follw up 3 dys,NOISY_NOTE,1,ROUTINE,Low-confidence transcription. Verify if 'follow up after 3 days if condition worsens' was intended.,ROUTINE_CLINICIAN,Resolved,MODIFIED,Patient preference,NOISY,STANDARD_ENGLISH
CASE-0396,Severe high fever 40C with neck stiffness. Re-examine after some time.,Re-examine after some time despite high fever and stiff neck,URGENCY_AMBIGUITY,1,HIGH,Urgency Conflict: Meningeal signs require emergency escalation to hospital care immediately!,IMMEDIATE_URGENT_REVIEW,Resolved,ESCALATED,NONE,HIGH,DIALECT_ENGLISH
CASE-0397,Hypertension follow-up. Repeat BP check in 24 hours. Schedule follow-up in 6 weeks.,Repeat BP in 24h and 6 weeks,CONTRADICTORY_TIMING,1,ROUTINE,Clarify if 24-hour ambulatory check or 6-week routine visit is intended.,ROUTINE_CLINICIAN,Resolved,CONFIRMED,NONE,HIGH,ENGLISH_NATIVE
CASE-0398,Acute chest pressure with radiation to left arm noted. Return if convenient.,Return if convenient despite acute chest pain,URGENCY_AMBIGUITY,1,HIGH,Urgency Conflict: Potential cardiac event with vague follow-up. Immediate emergency assessment required!,IMMEDIATE_URGENT_REVIEW,Resolved,ESCALATED,NONE,HIGH,DIALECT_ENGLISH
CASE-0399,   ,N/A,MISSING_NOTE,1,ROUTINE,Clinical note contains only whitespace. Manual clinical review required.,MANUAL_REVIEW,Resolved,REJECTED,Patient preference,EMPTY,ENGLISH_NATIVE
CASE-0400,follw up aftr 3 dys if condtion worsn,follw up 3 dys,NOISY_NOTE,1,ROUTINE,Low-confidence transcription. Verify if 'follow up after 3 days if condition worsens' was intended.,ROUTINE_CLINICIAN,Resolved,MODIFIED,Recommendation not applicable,NOISY,STANDARD_ENGLISH
CASE-0401,Patient presenting with lumbar muscle strain. Continue treatment for some time.,Continue treatment for some time,VAGUE_DURATION,1,ROUTINE,How many days or weeks should treatment be continued?,ROUTINE_CLINICIAN,Resolved,CONFIRMED,NONE,HIGH,ENGLISH_NATIVE
CASE-0402,Mild bronchitis. Take cough syrup. Return to clinic if condition deteriorates.,Return if condition deteriorates,VAGUE_SYMPTOM_CONDITION,1,MODERATE,"Which specific signs (fever >38.5C, severe shortness of breath) constitute deterioration?",ROUTINE_CLINICIAN,Resolved,CONFIRMED,NONE,HIGH,TRANSLATED_ENGLISH
CASE-0403,Hypertension consultation. BP recorded at 135/85 mmHg. Continue daily Amlodipine 5mg. Schedule follow-up visit on 15 September.,Follow-up on 15 September,NONE,0,ROUTINE,None required,NONE,Not Required,CONFIRMED,NONE,HIGH,TRANSLATED_ENGLISH
CASE-0404,Type 2 diabetes routine check. HbA1c 7.2%. Continue Metformin 500mg BD. Re-check blood fasting sugar on Monday morning.,Fasting sugar recheck Monday,NONE,0,ROUTINE,None required,NONE,Not Required,CONFIRMED,NONE,HIGH,STANDARD_ENGLISH
CASE-0405,   ,N/A,MISSING_NOTE,1,ROUTINE,Clinical note contains only whitespace. Manual clinical review required.,MANUAL_REVIEW,Resolved,REJECTED,Other,EMPTY,STANDARD_ENGLISH
CASE-0406,Patient with chest congestion. Review tomorrow. Follow-up after two weeks.,Review tomorrow and after 2 weeks,CONTRADICTORY_TIMING,1,MODERATE,Resolve conflict: Is immediate review needed tomorrow or routine follow-up in 2 weeks?,ROUTINE_CLINICIAN,Resolved,CONFIRMED,NONE,HIGH,STANDARD_ENGLISH
CASE-0407,Outpatient Record: follw up aftr 3 dys if condtion worsn,follw up 3 dys,NOISY_NOTE,1,ROUTINE,Low-confidence transcription. Verify if 'follow up after 3 days if condition worsens' was intended.,ROUTINE_CLINICIAN,Resolved,MODIFIED,Specialist already contacted,NOISY,STANDARD_ENGLISH
CASE-0408,Nurse Triage Note: Mild gastritis symptoms. Continue PPI medication as long as needed.,Continue PPI as long as needed,VAGUE_DURATION,1,ROUTINE,Define maximum treatment duration and clear review threshold.,ROUTINE_CLINICIAN,Resolved,CONFIRMED,NONE,HIGH,ENGLISH_NATIVE
CASE-0409,Post-discharge stroke rehabilitation. Patient needs to be checked regularly.,Patient needs to be checked regularly,UNCLEAR_RESPONSIBILITY,1,ROUTINE,Assign explicit staff role responsible for regular checks.,ROUTINE_CLINICIAN,Resolved,CONFIRMED,NONE,HIGH,TRANSLATED_ENGLISH
CASE-0410,Post-discharge stroke rehabilitation. Patient needs to be checked regularly.,Patient needs to be checked regularly,UNCLEAR_RESPONSIBILITY,1,ROUTINE,Assign explicit staff role responsible for regular checks.,ROUTINE_CLINICIAN,Resolved,CONFIRMED,NONE,HIGH,ENGLISH_NATIVE
CASE-0411,Suspected glaucoma with elevated intraocular pressure. Refer to specialist if necessary.,Refer to specialist if necessary,UNCLEAR_SPECIALIST_REFERRAL,1,MODERATE,Which specialist department (Ophthalmology) and under what exact criteria?,SENIOR_CLINICIAN,Resolved,CONFIRMED,NONE,HIGH,TRANSLATED_ENGLISH
CASE-0412,Patient consultation for chronic back pain. Follow-up in one week.,Follow-up in one week,MISSING_ACTION,1,ROUTINE,"What specific action (BP check, lab test, medication review) is required at follow-up?",ROUTINE_CLINICIAN,Resolved,CONFIRMED,NONE,HIGH,DIALECT_ENGLISH
CASE-0413,   ,N/A,MISSING_NOTE,1,ROUTINE,Clinical note contains only whitespace. Manual clinical review required.,MANUAL_REVIEW,Resolved,REJECTED,False positive,EMPTY,ENGLISH_NATIVE
CASE-0414,Rural Clinic Visit Note: Suspected glaucoma with elevated intraocular pressure. Refer to specialist if necessary.,Refer to specialist if necessary,UNCLEAR_SPECIALIST_REFERRAL,1,MODERATE,Which specialist department (Ophthalmology) and under what exact criteria?,SENIOR_CLINICIAN,Resolved,CONFIRMED,NONE,HIGH,STANDARD_ENGLISH
CASE-0415,Complex wound dressing. The health worker ought to monitor wound site.,Health worker ought to monitor,UNCLEAR_RESPONSIBILITY,1,ROUTINE,Designate named healthcare provider or specific clinic role for monitoring.,ROUTINE_CLINICIAN,Resolved,CONFIRMED,NONE,HIGH,STANDARD_ENGLISH
CASE-0416,Patient presenting with lumbar muscle strain. Continue treatment for some time.,Continue treatment for some time,VAGUE_DURATION,1,ROUTINE,How many days or weeks should treatment be continued?,ROUTINE_CLINICIAN,Resolved,CONFIRMED,NONE,HIGH,TRANSLATED_ENGLISH
CASE-0417,"Minor head injury evaluated, CT normal. Patient advised to return for follow-up after some time.",Follow-up after some time,FOLLOWUP_TIME_MISSING,1,ROUTINE,What exact date or number of days should be used for follow-up?,ROUTINE_CLINICIAN,Resolved,CONFIRMED,NONE,HIGH,TRANSLATED_ENGLISH
CASE-0418,,,MISSING_NOTE,1,ROUTINE,Clinical note is completely empty. Manual clinical review required before patient departure.,MANUAL_REVIEW,Resolved,REJECTED,Already addressed,EMPTY,ENGLISH_NATIVE
CASE-0419,Post-operative suture care. Come back in 3 days. Return to clinic next month.,Come back in 3 days and next month,CONTRADICTORY_TIMING,1,ROUTINE,Confirm whether suture removal is at day 3 or 30 days.,ROUTINE_CLINICIAN,Resolved,CONFIRMED,NONE,HIGH,DIALECT_ENGLISH
CASE-0420,Suspected glaucoma with elevated intraocular pressure. Refer to specialist if necessary.,Refer to specialist if necessary,UNCLEAR_SPECIALIST_REFERRAL,1,MODERATE,Which specialist department (Ophthalmology) and under what exact criteria?,SENIOR_CLINICIAN,Resolved,CONFIRMED,NONE,HIGH,ENGLISH_NATIVE
CASE-0421,,,MISSING_NOTE,1,ROUTINE,Clinical note is completely empty. Manual clinical review required before patient departure.,MANUAL_REVIEW,Resolved,REJECTED,False positive,EMPTY,DIALECT_ENGLISH
CASE-0422,,,MISSING_NOTE,1,ROUTINE,Clinical note is completely empty. Manual clinical review required before patient departure.,MANUAL_REVIEW,Resolved,REJECTED,False positive,EMPTY,TRANSLATED_ENGLISH
CASE-0423,Patient presenting with mild eczema. Hydrocortisone cream applied. Return to rural health center in 2 weeks for reassessment.,Reassessment in 2 weeks,NONE,0,ROUTINE,None required,NONE,Not Required,CONFIRMED,NONE,HIGH,TRANSLATED_ENGLISH
CASE-0424,Skin lesion showing irregular borders. Refer to expert if needed.,Refer to expert if needed,UNCLEAR_SPECIALIST_REFERRAL,1,MODERATE,"Specify Dermatology referral trigger (biopsy result, size increase) and referral priority.",SENIOR_CLINICIAN,Resolved,CONFIRMED,NONE,HIGH,ENGLISH_NATIVE
CASE-0425,Consultation Summary: Conjunctivitis treated with antibiotic drops. Return if eyes look bad.,Return if eyes look bad,VAGUE_SYMPTOM_CONDITION,1,ROUTINE,"Define clinical indicators (increased discharge, vision change, severe pain).",ROUTINE_CLINICIAN,Resolved,CONFIRMED,NONE,HIGH,DIALECT_ENGLISH
CASE-0426,Conjunctivitis treated with antibiotic drops. Return if eyes look bad.,Return if eyes look bad,VAGUE_SYMPTOM_CONDITION,1,ROUTINE,"Define clinical indicators (increased discharge, vision change, severe pain).",ROUTINE_CLINICIAN,Resolved,CONFIRMED,NONE,HIGH,TRANSLATED_ENGLISH
CASE-0427,,,MISSING_NOTE,1,ROUTINE,Clinical note is completely empty. Manual clinical review required before patient departure.,MANUAL_REVIEW,Resolved,REJECTED,False positive,EMPTY,ENGLISH_NATIVE
CASE-0428,Nurse Triage Note: Skin lesion showing irregular borders. Refer to expert if needed.,Refer to expert if needed,UNCLEAR_SPECIALIST_REFERRAL,1,MODERATE,"Specify Dermatology referral trigger (biopsy result, size increase) and referral priority.",SENIOR_CLINICIAN,Resolved,CONFIRMED,NONE,HIGH,DIALECT_ENGLISH
CASE-0429,Mild osteoarthritis of right knee. Paracetamol 1g TDS prescribed as needed for pain. Follow up in 3 weeks at clinic.,Follow up in 3 weeks,NONE,0,ROUTINE,None required,NONE,Not Required,CONFIRMED,NONE,HIGH,STANDARD_ENGLISH
CASE-0430,follw up aftr 3 dys if condtion worsn,follw up 3 dys,NOISY_NOTE,1,ROUTINE,Low-confidence transcription. Verify if 'follow up after 3 days if condition worsens' was intended.,ROUTINE_CLINICIAN,Resolved,MODIFIED,Patient preference,NOISY,ENGLISH_NATIVE
CASE-0431,Persistent abdominal pain suspicious for gallstones. Consult specialist when appropriate.,Consult specialist when appropriate,UNCLEAR_SPECIALIST_REFERRAL,1,MODERATE,"Define referral criteria, target department (General Surgery/GI), and urgency timeline.",SENIOR_CLINICIAN,Resolved,CONFIRMED,NONE,HIGH,STANDARD_ENGLISH
CASE-0432,Hypertension consultation. BP recorded at 135/85 mmHg. Continue daily Amlodipine 5mg. Schedule follow-up visit on 15 September.,Follow-up on 15 September,NONE,0,ROUTINE,None required,NONE,Not Required,CONFIRMED,NONE,HIGH,STANDARD_ENGLISH
CASE-0433,Acute chest pressure with radiation to left arm noted. Return if convenient.,Return if convenient despite acute chest pain,URGENCY_AMBIGUITY,1,HIGH,Urgency Conflict: Potential cardiac event with vague follow-up. Immediate emergency assessment required!,IMMEDIATE_URGENT_REVIEW,Resolved,ESCALATED,NONE,HIGH,ENGLISH_NATIVE
CASE-0434,Pediatric fever settled. See nurse next Monday.,See nurse next Monday,MISSING_ACTION,1,ROUTINE,"Specify the action needed (growth monitoring, repeat temperature check, vaccination).",ROUTINE_CLINICIAN,Resolved,CONFIRMED,NONE,HIGH,TRANSLATED_ENGLISH
CASE-0435,Persistent abdominal pain suspicious for gallstones. Consult specialist when appropriate.,Consult specialist when appropriate,UNCLEAR_SPECIALIST_REFERRAL,1,MODERATE,"Define referral criteria, target department (General Surgery/GI), and urgency timeline.",SENIOR_CLINICIAN,Resolved,CONFIRMED,NONE,HIGH,TRANSLATED_ENGLISH
CASE-0436,Severe high fever 40C with neck stiffness. Re-examine after some time.,Re-examine after some time despite high fever and stiff neck,URGENCY_AMBIGUITY,1,HIGH,Urgency Conflict: Meningeal signs require emergency escalation to hospital care immediately!,IMMEDIATE_URGENT_REVIEW,Resolved,ESCALATED,NONE,HIGH,DIALECT_ENGLISH
CASE-0437,Allergic dermatitis treated with antihistamines. Return to clinic at a convenient time.,Return at convenient time,FOLLOWUP_TIME_MISSING,1,ROUTINE,Define a specific follow-up target date for clinic visit.,ROUTINE_CLINICIAN,Resolved,MODIFIED,Clinical context differs,HIGH,STANDARD_ENGLISH
CASE-0438,Consultation Summary: refr specist if syncp recr,refr specist,NOISY_NOTE,1,MODERATE,Noisy text. Clarify referral criteria for recurrent syncope and target specialist.,SENIOR_CLINICIAN,Resolved,MODIFIED,Recommendation not applicable,NOISY,ENGLISH_NATIVE
CASE-0439,Elevated blood pressure observed. Review scheduled for 10th August.,Review scheduled 10th August,MISSING_ACTION,1,ROUTINE,Identify required clinical procedure or test prior to review.,ROUTINE_CLINICIAN,Resolved,CONFIRMED,NONE,HIGH,DIALECT_ENGLISH
CASE-0440,"Child presenting with lethargy, high grade fever and vomiting. Check tomorrow if worsens.",Check tomorrow despite severe pediatric lethargy,URGENCY_AMBIGUITY,1,HIGH,Urgency Conflict: Pediatric red-flag symptoms require urgent emergency triage!,IMMEDIATE_URGENT_REVIEW,Resolved,ESCALATED,NONE,HIGH,DIALECT_ENGLISH
CASE-0441,Mild osteoarthritis of right knee. Paracetamol 1g TDS prescribed as needed for pain. Follow up in 3 weeks at clinic.,Follow up in 3 weeks,NONE,0,ROUTINE,None required,NONE,Not Required,CONFIRMED,NONE,HIGH,ENGLISH_NATIVE
CASE-0442,,,MISSING_NOTE,1,ROUTINE,Clinical note is completely empty. Manual clinical review required before patient departure.,MANUAL_REVIEW,Resolved,REJECTED,Already addressed,EMPTY,STANDARD_ENGLISH
CASE-0443,Patient treated for gastroenteritis with oral rehydration salts. Review the patient later.,Review later,FOLLOWUP_TIME_MISSING,1,ROUTINE,When exactly should the patient return for follow-up?,ROUTINE_CLINICIAN,Resolved,CONFIRMED,NONE,HIGH,ENGLISH_NATIVE
CASE-0444,Hypertension consultation. BP recorded at 135/85 mmHg. Continue daily Amlodipine 5mg. Schedule follow-up visit on 15 September.,Follow-up on 15 September,NONE,0,ROUTINE,None required,NONE,Not Required,CONFIRMED,NONE,HIGH,TRANSLATED_ENGLISH
CASE-0445,refr specist if syncp recr,refr specist,NOISY_NOTE,1,MODERATE,Noisy text. Clarify referral criteria for recurrent syncope and target specialist.,SENIOR_CLINICIAN,Resolved,MODIFIED,Already addressed,NOISY,STANDARD_ENGLISH
CASE-0446,Outpatient Record: Patient with fluctuating blood glucose levels. Someone should review the patient.,Someone should review the patient,UNCLEAR_RESPONSIBILITY,1,ROUTINE,"Who (duty doctor, community health nurse, endocrinologist) is responsible for review?",ROUTINE_CLINICIAN,Resolved,CONFIRMED,NONE,HIGH,DIALECT_ENGLISH
CASE-0447,Upper respiratory tract infection. Advised bed rest and oral fluids. Return to clinic on Friday if not completely resolved.,Return on Friday if unresolved,NONE,0,ROUTINE,None required,NONE,Not Required,CONFIRMED,NONE,HIGH,TRANSLATED_ENGLISH
CASE-0448,Patient started on antihypertensive therapy. Come back if symptoms get worse.,Come back if symptoms get worse,VAGUE_SYMPTOM_CONDITION,1,ROUTINE,What specific red-flag symptoms or BP thresholds define 'worse'?,ROUTINE_CLINICIAN,Resolved,CONFIRMED,NONE,HIGH,ENGLISH_NATIVE
CASE-0449,chk BP agin latr nxt wk if high,chk BP latr,NOISY_NOTE,1,ROUTINE,Noisy input detected. Clarify exact target day and target blood pressure threshold.,ROUTINE_CLINICIAN,Resolved,MODIFIED,Resource unavailable,NOISY,TRANSLATED_ENGLISH
CASE-0450,Post-op wound check day 7. Wound healing cleanly with no signs of infection. Sutures removed. Next checkup in 10 days.,Checkup in 10 days,NONE,0,ROUTINE,None required,NONE,Not Required,CONFIRMED,NONE,HIGH,ENGLISH_NATIVE
CASE-0451,Pediatric fever settled. See nurse next Monday.,See nurse next Monday,MISSING_ACTION,1,ROUTINE,"Specify the action needed (growth monitoring, repeat temperature check, vaccination).",ROUTINE_CLINICIAN,Resolved,CONFIRMED,NONE,HIGH,STANDARD_ENGLISH
CASE-0452,Patient treated for gastroenteritis with oral rehydration salts. Review the patient later.,Review later,FOLLOWUP_TIME_MISSING,1,ROUTINE,When exactly should the patient return for follow-up?,ROUTINE_CLINICIAN,Resolved,CONFIRMED,NONE,HIGH,TRANSLATED_ENGLISH
CASE-0453,Patient treated for gastroenteritis with oral rehydration salts. Review the patient later.,Review later,FOLLOWUP_TIME_MISSING,1,ROUTINE,When exactly should the patient return for follow-up?,ROUTINE_CLINICIAN,Resolved,CONFIRMED,NONE,HIGH,STANDARD_ENGLISH
CASE-0454,Complex wound dressing. The health worker ought to monitor wound site.,Health worker ought to monitor,UNCLEAR_RESPONSIBILITY,1,ROUTINE,Designate named healthcare provider or specific clinic role for monitoring.,ROUTINE_CLINICIAN,Resolved,CONFIRMED,NONE,HIGH,STANDARD_ENGLISH
CASE-0455,"Minor head injury evaluated, CT normal. Patient advised to return for follow-up after some time.",Follow-up after some time,FOLLOWUP_TIME_MISSING,1,ROUTINE,What exact date or number of days should be used for follow-up?,ROUTINE_CLINICIAN,Resolved,CONFIRMED,NONE,HIGH,TRANSLATED_ENGLISH
CASE-0456,Iron deficiency anemia. Take ferrous sulfate tablets for a while then review.,Take tablets for a while,VAGUE_DURATION,1,ROUTINE,What is the intended treatment duration before rechecking blood count?,ROUTINE_CLINICIAN,Resolved,CONFIRMED,NONE,MEDIUM,STANDARD_ENGLISH
CASE-0457,Upper respiratory tract infection. Advised bed rest and oral fluids. Return to clinic on Friday if not completely resolved.,Return on Friday if unresolved,NONE,0,ROUTINE,None required,NONE,Not Required,CONFIRMED,NONE,HIGH,ENGLISH_NATIVE
CASE-0458,Patient with fluctuating blood glucose levels. Someone should review the patient.,Someone should review the patient,UNCLEAR_RESPONSIBILITY,1,ROUTINE,"Who (duty doctor, community health nurse, endocrinologist) is responsible for review?",ROUTINE_CLINICIAN,Resolved,CONFIRMED,NONE,HIGH,ENGLISH_NATIVE
CASE-0459,Complex wound dressing. The health worker ought to monitor wound site.,Health worker ought to monitor,UNCLEAR_RESPONSIBILITY,1,ROUTINE,Designate named healthcare provider or specific clinic role for monitoring.,ROUTINE_CLINICIAN,Resolved,CONFIRMED,NONE,HIGH,DIALECT_ENGLISH
CASE-0460,Patient started on antihypertensive therapy. Come back if symptoms get worse.,Come back if symptoms get worse,VAGUE_SYMPTOM_CONDITION,1,ROUTINE,What specific red-flag symptoms or BP thresholds define 'worse'?,ROUTINE_CLINICIAN,Resolved,CONFIRMED,NONE,HIGH,DIALECT_ENGLISH
CASE-0461,Rural Clinic Visit Note: Post-op wound check day 7. Wound healing cleanly with no signs of infection. Sutures removed. Next checkup in 10 days.,Checkup in 10 days,NONE,0,ROUTINE,None required,NONE,Not Required,CONFIRMED,NONE,HIGH,DIALECT_ENGLISH
CASE-0462,refr specist if syncp recr,refr specist,NOISY_NOTE,1,MODERATE,Noisy text. Clarify referral criteria for recurrent syncope and target specialist.,SENIOR_CLINICIAN,Resolved,MODIFIED,Recommendation not applicable,NOISY,STANDARD_ENGLISH
CASE-0463,"Child presenting with lethargy, high grade fever and vomiting. Check tomorrow if worsens.",Check tomorrow despite severe pediatric lethargy,URGENCY_AMBIGUITY,1,HIGH,Urgency Conflict: Pediatric red-flag symptoms require urgent emergency triage!,IMMEDIATE_URGENT_REVIEW,Resolved,ESCALATED,NONE,HIGH,TRANSLATED_ENGLISH
CASE-0464,refr specist if syncp recr,refr specist,NOISY_NOTE,1,MODERATE,Noisy text. Clarify referral criteria for recurrent syncope and target specialist.,SENIOR_CLINICIAN,Resolved,MODIFIED,Resource unavailable,NOISY,ENGLISH_NATIVE
CASE-0465,Consultation Summary: Iron deficiency anemia. Take ferrous sulfate tablets for a while then review.,Take tablets for a while,VAGUE_DURATION,1,ROUTINE,What is the intended treatment duration before rechecking blood count?,ROUTINE_CLINICIAN,Resolved,CONFIRMED,NONE,MEDIUM,TRANSLATED_ENGLISH
CASE-0466,Outpatient Record: Patient presenting with lumbar muscle strain. Continue treatment for some time.,Continue treatment for some time,VAGUE_DURATION,1,ROUTINE,How many days or weeks should treatment be continued?,ROUTINE_CLINICIAN,Resolved,CONFIRMED,NONE,HIGH,TRANSLATED_ENGLISH
CASE-0467,Consultation Summary: Patient with chest congestion. Review tomorrow. Follow-up after two weeks.,Review tomorrow and after 2 weeks,CONTRADICTORY_TIMING,1,MODERATE,Resolve conflict: Is immediate review needed tomorrow or routine follow-up in 2 weeks?,ROUTINE_CLINICIAN,Resolved,CONFIRMED,NONE,HIGH,TRANSLATED_ENGLISH
CASE-0468,   ,N/A,MISSING_NOTE,1,ROUTINE,Clinical note contains only whitespace. Manual clinical review required.,MANUAL_REVIEW,Resolved,REJECTED,Specialist already contacted,EMPTY,STANDARD_ENGLISH
CASE-0469,Type 2 diabetes routine check. HbA1c 7.2%. Continue Metformin 500mg BD. Re-check blood fasting sugar on Monday morning.,Fasting sugar recheck Monday,NONE,0,ROUTINE,None required,NONE,Not Required,CONFIRMED,NONE,HIGH,DIALECT_ENGLISH
CASE-0470,Asthma exacerbation resolved after nebulization. Continue inhaler and come back soon.,Come back soon,FOLLOWUP_TIME_MISSING,1,ROUTINE,Specify the exact follow-up interval in days or weeks.,ROUTINE_CLINICIAN,Resolved,CONFIRMED,NONE,MEDIUM,STANDARD_ENGLISH
CASE-0471,,,MISSING_NOTE,1,ROUTINE,Clinical note is completely empty. Manual clinical review required before patient departure.,MANUAL_REVIEW,Resolved,REJECTED,Clinical context differs,EMPTY,TRANSLATED_ENGLISH
CASE-0472,Patient presenting with mild eczema. Hydrocortisone cream applied. Return to rural health center in 2 weeks for reassessment.,Reassessment in 2 weeks,NONE,0,ROUTINE,None required,NONE,Not Required,CONFIRMED,NONE,HIGH,TRANSLATED_ENGLISH
CASE-0473,Hypertension consultation. BP recorded at 135/85 mmHg. Continue daily Amlodipine 5mg. Schedule follow-up visit on 15 September.,Follow-up on 15 September,NONE,0,ROUTINE,None required,NONE,Not Required,CONFIRMED,NONE,HIGH,TRANSLATED_ENGLISH
CASE-0474,Consultation Summary: Iron deficiency anemia. Take ferrous sulfate tablets for a while then review.,Take tablets for a while,VAGUE_DURATION,1,ROUTINE,What is the intended treatment duration before rechecking blood count?,ROUTINE_CLINICIAN,Resolved,CONFIRMED,NONE,MEDIUM,TRANSLATED_ENGLISH
CASE-0475,Outpatient Record: Elevated blood pressure observed. Review scheduled for 10th August.,Review scheduled 10th August,MISSING_ACTION,1,ROUTINE,Identify required clinical procedure or test prior to review.,ROUTINE_CLINICIAN,Resolved,CONFIRMED,NONE,HIGH,STANDARD_ENGLISH
CASE-0476,Skin lesion showing irregular borders. Refer to expert if needed.,Refer to expert if needed,UNCLEAR_SPECIALIST_REFERRAL,1,MODERATE,"Specify Dermatology referral trigger (biopsy result, size increase) and referral priority.",SENIOR_CLINICIAN,Resolved,CONFIRMED,NONE,HIGH,DIALECT_ENGLISH
CASE-0477,Complex wound dressing. The health worker ought to monitor wound site.,Health worker ought to monitor,UNCLEAR_RESPONSIBILITY,1,ROUTINE,Designate named healthcare provider or specific clinic role for monitoring.,ROUTINE_CLINICIAN,Resolved,CONFIRMED,NONE,HIGH,ENGLISH_NATIVE
CASE-0478,pt revw in few dyas or wks if pain persist,pt revw few dyas,NOISY_NOTE,1,ROUTINE,Low-confidence text. Confirm exact follow-up interval and pain management plan.,ROUTINE_CLINICIAN,Resolved,MODIFIED,Clinical context differs,NOISY,TRANSLATED_ENGLISH
CASE-0479,Patient started on thyroid supplement. Review in 5 days. Return after 3 months for blood test.,Review in 5 days and 3 months,CONTRADICTORY_TIMING,1,ROUTINE,Reconcile short-term review with 3-month blood test schedule.,ROUTINE_CLINICIAN,Resolved,CONFIRMED,NONE,HIGH,ENGLISH_NATIVE
CASE-0480,Patient started on thyroid supplement. Review in 5 days. Return after 3 months for blood test.,Review in 5 days and 3 months,CONTRADICTORY_TIMING,1,ROUTINE,Reconcile short-term review with 3-month blood test schedule.,ROUTINE_CLINICIAN,Resolved,CONFIRMED,NONE,HIGH,ENGLISH_NATIVE
CASE-0481,,,MISSING_NOTE,1,ROUTINE,Clinical note is completely empty. Manual clinical review required before patient departure.,MANUAL_REVIEW,Resolved,REJECTED,Already addressed,EMPTY,TRANSLATED_ENGLISH
CASE-0482,Elevated blood pressure observed. Review scheduled for 10th August.,Review scheduled 10th August,MISSING_ACTION,1,ROUTINE,Identify required clinical procedure or test prior to review.,ROUTINE_CLINICIAN,Resolved,CONFIRMED,NONE,HIGH,STANDARD_ENGLISH
CASE-0483,Complex wound dressing. The health worker ought to monitor wound site.,Health worker ought to monitor,UNCLEAR_RESPONSIBILITY,1,ROUTINE,Designate named healthcare provider or specific clinic role for monitoring.,ROUTINE_CLINICIAN,Resolved,CONFIRMED,NONE,HIGH,DIALECT_ENGLISH
CASE-0484,Conjunctivitis treated with antibiotic drops. Return if eyes look bad.,Return if eyes look bad,VAGUE_SYMPTOM_CONDITION,1,ROUTINE,"Define clinical indicators (increased discharge, vision change, severe pain).",ROUTINE_CLINICIAN,Resolved,CONFIRMED,NONE,HIGH,STANDARD_ENGLISH
CASE-0485,refr specist if syncp recr,refr specist,NOISY_NOTE,1,MODERATE,Noisy text. Clarify referral criteria for recurrent syncope and target specialist.,SENIOR_CLINICIAN,Resolved,MODIFIED,False positive,NOISY,STANDARD_ENGLISH
CASE-0486,Skin lesion showing irregular borders. Refer to expert if needed.,Refer to expert if needed,UNCLEAR_SPECIALIST_REFERRAL,1,MODERATE,"Specify Dermatology referral trigger (biopsy result, size increase) and referral priority.",SENIOR_CLINICIAN,Resolved,CONFIRMED,NONE,HIGH,STANDARD_ENGLISH
CASE-0487,Hypertension consultation. BP recorded at 135/85 mmHg. Continue daily Amlodipine 5mg. Schedule follow-up visit on 15 September.,Follow-up on 15 September,NONE,0,ROUTINE,None required,NONE,Not Required,CONFIRMED,NONE,HIGH,DIALECT_ENGLISH
CASE-0488,Nurse Triage Note: Type 2 diabetes routine check. HbA1c 7.2%. Continue Metformin 500mg BD. Re-check blood fasting sugar on Monday morning.,Fasting sugar recheck Monday,NONE,0,ROUTINE,None required,NONE,Not Required,CONFIRMED,NONE,HIGH,DIALECT_ENGLISH
CASE-0489,Outpatient Record: Patient with fluctuating blood glucose levels. Someone should review the patient.,Someone should review the patient,UNCLEAR_RESPONSIBILITY,1,ROUTINE,"Who (duty doctor, community health nurse, endocrinologist) is responsible for review?",ROUTINE_CLINICIAN,Resolved,CONFIRMED,NONE,HIGH,ENGLISH_NATIVE
CASE-0490,,,MISSING_NOTE,1,ROUTINE,Clinical note is completely empty. Manual clinical review required before patient departure.,MANUAL_REVIEW,Resolved,REJECTED,Other,EMPTY,DIALECT_ENGLISH
CASE-0491,pt revw in few dyas or wks if pain persist,pt revw few dyas,NOISY_NOTE,1,ROUTINE,Low-confidence text. Confirm exact follow-up interval and pain management plan.,ROUTINE_CLINICIAN,Resolved,MODIFIED,Already addressed,NOISY,TRANSLATED_ENGLISH
CASE-0492,Post-op wound check day 7. Wound healing cleanly with no signs of infection. Sutures removed. Next checkup in 10 days.,Checkup in 10 days,NONE,0,ROUTINE,None required,NONE,Not Required,CONFIRMED,NONE,HIGH,STANDARD_ENGLISH
CASE-0493,Outpatient Record: Mild osteoarthritis of right knee. Paracetamol 1g TDS prescribed as needed for pain. Follow up in 3 weeks at clinic.,Follow up in 3 weeks,NONE,0,ROUTINE,None required,NONE,Not Required,CONFIRMED,NONE,HIGH,DIALECT_ENGLISH
CASE-0494,Elevated blood pressure observed. Review scheduled for 10th August.,Review scheduled 10th August,MISSING_ACTION,1,ROUTINE,Identify required clinical procedure or test prior to review.,ROUTINE_CLINICIAN,Resolved,CONFIRMED,NONE,HIGH,STANDARD_ENGLISH
CASE-0495,Rural Clinic Visit Note: Severe high fever 40C with neck stiffness. Re-examine after some time.,Re-examine after some time despite high fever and stiff neck,URGENCY_AMBIGUITY,1,HIGH,Urgency Conflict: Meningeal signs require emergency escalation to hospital care immediately!,IMMEDIATE_URGENT_REVIEW,Resolved,ESCALATED,NONE,HIGH,STANDARD_ENGLISH
CASE-0496,Patient presenting with mild eczema. Hydrocortisone cream applied. Return to rural health center in 2 weeks for reassessment.,Reassessment in 2 weeks,NONE,0,ROUTINE,None required,NONE,Not Required,CONFIRMED,NONE,HIGH,ENGLISH_NATIVE
CASE-0497,Diabetic ulcer dressing changed. Clinic visit in 3 days.,Clinic visit in 3 days,MISSING_ACTION,1,ROUTINE,"Clarify whether visit is for dressing change, debridement, or physician review.",ROUTINE_CLINICIAN,Resolved,CONFIRMED,NONE,HIGH,DIALECT_ENGLISH
CASE-0498,Acute chest pressure with radiation to left arm noted. Return if convenient.,Return if convenient despite acute chest pain,URGENCY_AMBIGUITY,1,HIGH,Urgency Conflict: Potential cardiac event with vague follow-up. Immediate emergency assessment required!,IMMEDIATE_URGENT_REVIEW,Resolved,ESCALATED,NONE,HIGH,ENGLISH_NATIVE
CASE-0499,Mild osteoarthritis of right knee. Paracetamol 1g TDS prescribed as needed for pain. Follow up in 3 weeks at clinic.,Follow up in 3 weeks,NONE,0,ROUTINE,None required,NONE,Not Required,CONFIRMED,NONE,HIGH,STANDARD_ENGLISH
CASE-0500,Elevated blood pressure observed. Review scheduled for 10th August.,Review scheduled 10th August,MISSING_ACTION,1,ROUTINE,Identify required clinical procedure or test prior to review.,ROUTINE_CLINICIAN,Resolved,CONFIRMED,NONE,HIGH,TRANSLATED_ENGLISH
CASE-0501,Rural Clinic Visit Note: Hypertension consultation. BP recorded at 135/85 mmHg. Continue daily Amlodipine 5mg. Schedule follow-up visit on 15 September.,Follow-up on 15 September,NONE,0,ROUTINE,None required,NONE,Not Required,CONFIRMED,NONE,HIGH,STANDARD_ENGLISH
CASE-0502,,,MISSING_NOTE,1,ROUTINE,Clinical note is completely empty. Manual clinical review required before patient departure.,MANUAL_REVIEW,Resolved,REJECTED,Recommendation not applicable,EMPTY,DIALECT_ENGLISH
CASE-0503,Nurse Triage Note: Patient diagnosed with acute pharyngitis. Amoxicillin 500mg prescribed for 7 days. Return to clinic in 5 days for review.,Review in 5 days,NONE,0,ROUTINE,None required,NONE,Not Required,CONFIRMED,NONE,HIGH,DIALECT_ENGLISH
CASE-0504,refr specist if syncp recr,refr specist,NOISY_NOTE,1,MODERATE,Noisy text. Clarify referral criteria for recurrent syncope and target specialist.,SENIOR_CLINICIAN,Resolved,MODIFIED,Recommendation not applicable,NOISY,DIALECT_ENGLISH
CASE-0505,pt revw in few dyas or wks if pain persist,pt revw few dyas,NOISY_NOTE,1,ROUTINE,Low-confidence text. Confirm exact follow-up interval and pain management plan.,ROUTINE_CLINICIAN,Resolved,MODIFIED,Resource unavailable,NOISY,STANDARD_ENGLISH
CASE-0506,Rural Clinic Visit Note: Suspected glaucoma with elevated intraocular pressure. Refer to specialist if necessary.,Refer to specialist if necessary,UNCLEAR_SPECIALIST_REFERRAL,1,MODERATE,Which specialist department (Ophthalmology) and under what exact criteria?,SENIOR_CLINICIAN,Resolved,CONFIRMED,NONE,HIGH,ENGLISH_NATIVE
CASE-0507,Conjunctivitis treated with antibiotic drops. Return if eyes look bad.,Return if eyes look bad,VAGUE_SYMPTOM_CONDITION,1,ROUTINE,"Define clinical indicators (increased discharge, vision change, severe pain).",ROUTINE_CLINICIAN,Resolved,CONFIRMED,NONE,HIGH,ENGLISH_NATIVE
CASE-0508,Patient with fluctuating blood glucose levels. Someone should review the patient.,Someone should review the patient,UNCLEAR_RESPONSIBILITY,1,ROUTINE,"Who (duty doctor, community health nurse, endocrinologist) is responsible for review?",ROUTINE_CLINICIAN,Resolved,CONFIRMED,NONE,HIGH,ENGLISH_NATIVE
CASE-0509,Outpatient Record: Severe high fever 40C with neck stiffness. Re-examine after some time.,Re-examine after some time despite high fever and stiff neck,URGENCY_AMBIGUITY,1,HIGH,Urgency Conflict: Meningeal signs require emergency escalation to hospital care immediately!,IMMEDIATE_URGENT_REVIEW,Resolved,ESCALATED,NONE,HIGH,TRANSLATED_ENGLISH
CASE-0510,Suspected glaucoma with elevated intraocular pressure. Refer to specialist if necessary.,Refer to specialist if necessary,UNCLEAR_SPECIALIST_REFERRAL,1,MODERATE,Which specialist department (Ophthalmology) and under what exact criteria?,SENIOR_CLINICIAN,Resolved,CONFIRMED,NONE,HIGH,ENGLISH_NATIVE
CASE-0511,   ,N/A,MISSING_NOTE,1,ROUTINE,Clinical note contains only whitespace. Manual clinical review required.,MANUAL_REVIEW,Resolved,REJECTED,False positive,EMPTY,TRANSLATED_ENGLISH
CASE-0512,"Child presenting with lethargy, high grade fever and vomiting. Check tomorrow if worsens.",Check tomorrow despite severe pediatric lethargy,URGENCY_AMBIGUITY,1,HIGH,Urgency Conflict: Pediatric red-flag symptoms require urgent emergency triage!,IMMEDIATE_URGENT_REVIEW,Resolved,ESCALATED,NONE,HIGH,STANDARD_ENGLISH
CASE-0513,Consultation Summary: Pediatric fever settled. See nurse next Monday.,See nurse next Monday,MISSING_ACTION,1,ROUTINE,"Specify the action needed (growth monitoring, repeat temperature check, vaccination).",ROUTINE_CLINICIAN,Resolved,CONFIRMED,NONE,HIGH,DIALECT_ENGLISH
CASE-0514,Post-op wound check day 7. Wound healing cleanly with no signs of infection. Sutures removed. Next checkup in 10 days.,Checkup in 10 days,NONE,0,ROUTINE,None required,NONE,Not Required,CONFIRMED,NONE,HIGH,TRANSLATED_ENGLISH
CASE-0515,Patient presenting with lumbar muscle strain. Continue treatment for some time.,Continue treatment for some time,VAGUE_DURATION,1,ROUTINE,How many days or weeks should treatment be continued?,ROUTINE_CLINICIAN,Resolved,CONFIRMED,NONE,HIGH,DIALECT_ENGLISH
CASE-0516,Patient completed course of antibiotics for urinary tract infection. Re-assess in a few days.,Re-assess in a few days,FOLLOWUP_TIME_MISSING,1,ROUTINE,Clarify the precise number of days before re-assessment.,ROUTINE_CLINICIAN,Resolved,CONFIRMED,NONE,HIGH,TRANSLATED_ENGLISH
CASE-0517,Upper respiratory tract infection. Advised bed rest and oral fluids. Return to clinic on Friday if not completely resolved.,Return on Friday if unresolved,NONE,0,ROUTINE,None required,NONE,Not Required,CONFIRMED,NONE,HIGH,ENGLISH_NATIVE
CASE-0518,Rural Clinic Visit Note: Patient completed course of antibiotics for urinary tract infection. Re-assess in a few days.,Re-assess in a few days,FOLLOWUP_TIME_MISSING,1,ROUTINE,Clarify the precise number of days before re-assessment.,ROUTINE_CLINICIAN,Resolved,CONFIRMED,NONE,HIGH,TRANSLATED_ENGLISH
CASE-0519,Fungal skin infection on forearm. Apply anti-fungal ointment for a couple of days.,Apply ointment for a couple of days,VAGUE_DURATION,1,ROUTINE,"Specify exact duration of ointment application (e.g., 7 or 14 days).",ROUTINE_CLINICIAN,Resolved,CONFIRMED,NONE,HIGH,DIALECT_ENGLISH
CASE-0520,Consultation Summary: refr specist if syncp recr,refr specist,NOISY_NOTE,1,MODERATE,Noisy text. Clarify referral criteria for recurrent syncope and target specialist.,SENIOR_CLINICIAN,Resolved,MODIFIED,Patient preference,NOISY,ENGLISH_NATIVE
CASE-0521,chk BP agin latr nxt wk if high,chk BP latr,NOISY_NOTE,1,ROUTINE,Noisy input detected. Clarify exact target day and target blood pressure threshold.,ROUTINE_CLINICIAN,Resolved,MODIFIED,Clinical context differs,NOISY,DIALECT_ENGLISH
CASE-0522,Hypertension follow-up. Repeat BP check in 24 hours. Schedule follow-up in 6 weeks.,Repeat BP in 24h and 6 weeks,CONTRADICTORY_TIMING,1,ROUTINE,Clarify if 24-hour ambulatory check or 6-week routine visit is intended.,ROUTINE_CLINICIAN,Resolved,CONFIRMED,NONE,HIGH,STANDARD_ENGLISH
CASE-0523,Upper respiratory tract infection. Advised bed rest and oral fluids. Return to clinic on Friday if not completely resolved.,Return on Friday if unresolved,NONE,0,ROUTINE,None required,NONE,Not Required,CONFIRMED,NONE,HIGH,STANDARD_ENGLISH
CASE-0524,Outpatient Record: Mild bronchitis. Take cough syrup. Return to clinic if condition deteriorates.,Return if condition deteriorates,VAGUE_SYMPTOM_CONDITION,1,MODERATE,"Which specific signs (fever >38.5C, severe shortness of breath) constitute deterioration?",ROUTINE_CLINICIAN,Resolved,CONFIRMED,NONE,HIGH,ENGLISH_NATIVE
CASE-0525,Outpatient Record: Post-discharge stroke rehabilitation. Patient needs to be checked regularly.,Patient needs to be checked regularly,UNCLEAR_RESPONSIBILITY,1,ROUTINE,Assign explicit staff role responsible for regular checks.,ROUTINE_CLINICIAN,Resolved,CONFIRMED,NONE,HIGH,TRANSLATED_ENGLISH
CASE-0526,Patient presenting with lumbar muscle strain. Continue treatment for some time.,Continue treatment for some time,VAGUE_DURATION,1,ROUTINE,How many days or weeks should treatment be continued?,ROUTINE_CLINICIAN,Resolved,CONFIRMED,NONE,HIGH,DIALECT_ENGLISH
CASE-0527,Persistent abdominal pain suspicious for gallstones. Consult specialist when appropriate.,Consult specialist when appropriate,UNCLEAR_SPECIALIST_REFERRAL,1,MODERATE,"Define referral criteria, target department (General Surgery/GI), and urgency timeline.",SENIOR_CLINICIAN,Resolved,CONFIRMED,NONE,HIGH,DIALECT_ENGLISH
CASE-0528,Mild gastritis symptoms. Continue PPI medication as long as needed.,Continue PPI as long as needed,VAGUE_DURATION,1,ROUTINE,Define maximum treatment duration and clear review threshold.,ROUTINE_CLINICIAN,Resolved,CONFIRMED,NONE,HIGH,DIALECT_ENGLISH
CASE-0529,   ,N/A,MISSING_NOTE,1,ROUTINE,Clinical note contains only whitespace. Manual clinical review required.,MANUAL_REVIEW,Resolved,REJECTED,Patient preference,EMPTY,TRANSLATED_ENGLISH
CASE-0530,Severe high fever 40C with neck stiffness. Re-examine after some time.,Re-examine after some time despite high fever and stiff neck,URGENCY_AMBIGUITY,1,HIGH,Urgency Conflict: Meningeal signs require emergency escalation to hospital care immediately!,IMMEDIATE_URGENT_REVIEW,Resolved,ESCALATED,NONE,HIGH,DIALECT_ENGLISH
CASE-0531,pt revw in few dyas or wks if pain persist,pt revw few dyas,NOISY_NOTE,1,ROUTINE,Low-confidence text. Confirm exact follow-up interval and pain management plan.,ROUTINE_CLINICIAN,Resolved,MODIFIED,Other,NOISY,DIALECT_ENGLISH
CASE-0532,Nurse Triage Note: Patient treated for gastroenteritis with oral rehydration salts. Review the patient later.,Review later,FOLLOWUP_TIME_MISSING,1,ROUTINE,When exactly should the patient return for follow-up?,ROUTINE_CLINICIAN,Resolved,CONFIRMED,NONE,HIGH,STANDARD_ENGLISH
CASE-0533,Nurse Triage Note: Upper respiratory tract infection. Advised bed rest and oral fluids. Return to clinic on Friday if not completely resolved.,Return on Friday if unresolved,NONE,0,ROUTINE,None required,NONE,Not Required,CONFIRMED,NONE,HIGH,STANDARD_ENGLISH
CASE-0534,Patient with fluctuating blood glucose levels. Someone should review the patient.,Someone should review the patient,UNCLEAR_RESPONSIBILITY,1,ROUTINE,"Who (duty doctor, community health nurse, endocrinologist) is responsible for review?",ROUTINE_CLINICIAN,Resolved,CONFIRMED,NONE,HIGH,ENGLISH_NATIVE
CASE-0535,Post-operative suture care. Come back in 3 days. Return to clinic next month.,Come back in 3 days and next month,CONTRADICTORY_TIMING,1,ROUTINE,Confirm whether suture removal is at day 3 or 30 days.,ROUTINE_CLINICIAN,Resolved,CONFIRMED,NONE,HIGH,DIALECT_ENGLISH
CASE-0536,Outpatient Record: Patient presenting with mild eczema. Hydrocortisone cream applied. Return to rural health center in 2 weeks for reassessment.,Reassessment in 2 weeks,NONE,0,ROUTINE,None required,NONE,Not Required,CONFIRMED,NONE,HIGH,ENGLISH_NATIVE
CASE-0537,Mild osteoarthritis of right knee. Paracetamol 1g TDS prescribed as needed for pain. Follow up in 3 weeks at clinic.,Follow up in 3 weeks,NONE,0,ROUTINE,None required,NONE,Not Required,CONFIRMED,NONE,HIGH,ENGLISH_NATIVE
CASE-0538,Nurse Triage Note: Patient presenting with lumbar muscle strain. Continue treatment for some time.,Continue treatment for some time,VAGUE_DURATION,1,ROUTINE,How many days or weeks should treatment be continued?,ROUTINE_CLINICIAN,Resolved,CONFIRMED,NONE,HIGH,STANDARD_ENGLISH
CASE-0539,Hypertension consultation. BP recorded at 135/85 mmHg. Continue daily Amlodipine 5mg. Schedule follow-up visit on 15 September.,Follow-up on 15 September,NONE,0,ROUTINE,None required,NONE,Not Required,CONFIRMED,NONE,HIGH,TRANSLATED_ENGLISH
CASE-0540,Mild osteoarthritis of right knee. Paracetamol 1g TDS prescribed as needed for pain. Follow up in 3 weeks at clinic.,Follow up in 3 weeks,NONE,0,ROUTINE,None required,NONE,Not Required,CONFIRMED,NONE,HIGH,STANDARD_ENGLISH
CASE-0541,Rural Clinic Visit Note: Complex wound dressing. The health worker ought to monitor wound site.,Health worker ought to monitor,UNCLEAR_RESPONSIBILITY,1,ROUTINE,Designate named healthcare provider or specific clinic role for monitoring.,ROUTINE_CLINICIAN,Resolved,CONFIRMED,NONE,HIGH,ENGLISH_NATIVE
CASE-0542,Patient presenting with lumbar muscle strain. Continue treatment for some time.,Continue treatment for some time,VAGUE_DURATION,1,ROUTINE,How many days or weeks should treatment be continued?,ROUTINE_CLINICIAN,Resolved,CONFIRMED,NONE,HIGH,DIALECT_ENGLISH
CASE-0543,Upper respiratory tract infection. Advised bed rest and oral fluids. Return to clinic on Friday if not completely resolved.,Return on Friday if unresolved,NONE,0,ROUTINE,None required,NONE,Not Required,CONFIRMED,NONE,HIGH,ENGLISH_NATIVE
CASE-0544,Patient started on antihypertensive therapy. Come back if symptoms get worse.,Come back if symptoms get worse,VAGUE_SYMPTOM_CONDITION,1,ROUTINE,What specific red-flag symptoms or BP thresholds define 'worse'?,ROUTINE_CLINICIAN,Resolved,CONFIRMED,NONE,HIGH,STANDARD_ENGLISH
CASE-0545,Conjunctivitis treated with antibiotic drops. Return if eyes look bad.,Return if eyes look bad,VAGUE_SYMPTOM_CONDITION,1,ROUTINE,"Define clinical indicators (increased discharge, vision change, severe pain).",ROUTINE_CLINICIAN,Resolved,CONFIRMED,NONE,HIGH,ENGLISH_NATIVE
CASE-0546,Conjunctivitis treated with antibiotic drops. Return if eyes look bad.,Return if eyes look bad,VAGUE_SYMPTOM_CONDITION,1,ROUTINE,"Define clinical indicators (increased discharge, vision change, severe pain).",ROUTINE_CLINICIAN,Resolved,CONFIRMED,NONE,HIGH,TRANSLATED_ENGLISH
CASE-0547,Rural Clinic Visit Note: Patient presenting with lumbar muscle strain. Continue treatment for some time.,Continue treatment for some time,VAGUE_DURATION,1,ROUTINE,How many days or weeks should treatment be continued?,ROUTINE_CLINICIAN,Resolved,CONFIRMED,NONE,HIGH,TRANSLATED_ENGLISH
CASE-0548,Post-discharge stroke rehabilitation. Patient needs to be checked regularly.,Patient needs to be checked regularly,UNCLEAR_RESPONSIBILITY,1,ROUTINE,Assign explicit staff role responsible for regular checks.,ROUTINE_CLINICIAN,Resolved,CONFIRMED,NONE,HIGH,ENGLISH_NATIVE
CASE-0549,Fungal skin infection on forearm. Apply anti-fungal ointment for a couple of days.,Apply ointment for a couple of days,VAGUE_DURATION,1,ROUTINE,"Specify exact duration of ointment application (e.g., 7 or 14 days).",ROUTINE_CLINICIAN,Resolved,CONFIRMED,NONE,HIGH,DIALECT_ENGLISH
CASE-0550,Asthma exacerbation resolved after nebulization. Continue inhaler and come back soon.,Come back soon,FOLLOWUP_TIME_MISSING,1,ROUTINE,Specify the exact follow-up interval in days or weeks.,ROUTINE_CLINICIAN,Resolved,CONFIRMED,NONE,MEDIUM,ENGLISH_NATIVE
CASE-0551,Patient with chest congestion. Review tomorrow. Follow-up after two weeks.,Review tomorrow and after 2 weeks,CONTRADICTORY_TIMING,1,MODERATE,Resolve conflict: Is immediate review needed tomorrow or routine follow-up in 2 weeks?,ROUTINE_CLINICIAN,Resolved,CONFIRMED,NONE,HIGH,ENGLISH_NATIVE
CASE-0552,Fungal skin infection on forearm. Apply anti-fungal ointment for a couple of days.,Apply ointment for a couple of days,VAGUE_DURATION,1,ROUTINE,"Specify exact duration of ointment application (e.g., 7 or 14 days).",ROUTINE_CLINICIAN,Resolved,CONFIRMED,NONE,HIGH,STANDARD_ENGLISH
CASE-0553,Asthma exacerbation resolved after nebulization. Continue inhaler and come back soon.,Come back soon,FOLLOWUP_TIME_MISSING,1,ROUTINE,Specify the exact follow-up interval in days or weeks.,ROUTINE_CLINICIAN,Resolved,CONFIRMED,NONE,MEDIUM,ENGLISH_NATIVE
CASE-0554,refr specist if syncp recr,refr specist,NOISY_NOTE,1,MODERATE,Noisy text. Clarify referral criteria for recurrent syncope and target specialist.,SENIOR_CLINICIAN,Resolved,MODIFIED,Clinical context differs,NOISY,TRANSLATED_ENGLISH
CASE-0555,Patient presenting with lumbar muscle strain. Continue treatment for some time.,Continue treatment for some time,VAGUE_DURATION,1,ROUTINE,How many days or weeks should treatment be continued?,ROUTINE_CLINICIAN,Resolved,CONFIRMED,NONE,HIGH,STANDARD_ENGLISH
CASE-0556,Patient treated for gastroenteritis with oral rehydration salts. Review the patient later.,Review later,FOLLOWUP_TIME_MISSING,1,ROUTINE,When exactly should the patient return for follow-up?,ROUTINE_CLINICIAN,Resolved,CONFIRMED,NONE,HIGH,TRANSLATED_ENGLISH
CASE-0557,   ,N/A,MISSING_NOTE,1,ROUTINE,Clinical note contains only whitespace. Manual clinical review required.,MANUAL_REVIEW,Resolved,REJECTED,False positive,EMPTY,TRANSLATED_ENGLISH
CASE-0558,Type 2 diabetes routine check. HbA1c 7.2%. Continue Metformin 500mg BD. Re-check blood fasting sugar on Monday morning.,Fasting sugar recheck Monday,NONE,0,ROUTINE,None required,NONE,Not Required,CONFIRMED,NONE,HIGH,ENGLISH_NATIVE
CASE-0559,Patient with chest congestion. Review tomorrow. Follow-up after two weeks.,Review tomorrow and after 2 weeks,CONTRADICTORY_TIMING,1,MODERATE,Resolve conflict: Is immediate review needed tomorrow or routine follow-up in 2 weeks?,ROUTINE_CLINICIAN,Resolved,CONFIRMED,NONE,HIGH,ENGLISH_NATIVE
CASE-0560,Post-vaccination fever and arm pain. Re-consult if patient feels unwell.,Re-consult if feels unwell,VAGUE_SYMPTOM_CONDITION,1,ROUTINE,"Clarify parameters for re-consultation (e.g., persistent fever >48 hours).",ROUTINE_CLINICIAN,Resolved,CONFIRMED,NONE,HIGH,STANDARD_ENGLISH
CASE-0561,Complex wound dressing. The health worker ought to monitor wound site.,Health worker ought to monitor,UNCLEAR_RESPONSIBILITY,1,ROUTINE,Designate named healthcare provider or specific clinic role for monitoring.,ROUTINE_CLINICIAN,Resolved,CONFIRMED,NONE,HIGH,ENGLISH_NATIVE
CASE-0562,Patient diagnosed with acute pharyngitis. Amoxicillin 500mg prescribed for 7 days. Return to clinic in 5 days for review.,Review in 5 days,NONE,0,ROUTINE,None required,NONE,Not Required,CONFIRMED,NONE,HIGH,STANDARD_ENGLISH
CASE-0563,follw up aftr 3 dys if condtion worsn,follw up 3 dys,NOISY_NOTE,1,ROUTINE,Low-confidence transcription. Verify if 'follow up after 3 days if condition worsens' was intended.,ROUTINE_CLINICIAN,Resolved,MODIFIED,Clinical context differs,NOISY,STANDARD_ENGLISH
CASE-0564,Hypertension consultation. BP recorded at 135/85 mmHg. Continue daily Amlodipine 5mg. Schedule follow-up visit on 15 September.,Follow-up on 15 September,NONE,0,ROUTINE,None required,NONE,Not Required,CONFIRMED,NONE,HIGH,ENGLISH_NATIVE
CASE-0565,Skin lesion showing irregular borders. Refer to expert if needed.,Refer to expert if needed,UNCLEAR_SPECIALIST_REFERRAL,1,MODERATE,"Specify Dermatology referral trigger (biopsy result, size increase) and referral priority.",SENIOR_CLINICIAN,Resolved,CONFIRMED,NONE,HIGH,DIALECT_ENGLISH
CASE-0566,Hypertension consultation. BP recorded at 135/85 mmHg. Continue daily Amlodipine 5mg. Schedule follow-up visit on 15 September.,Follow-up on 15 September,NONE,0,ROUTINE,None required,NONE,Not Required,CONFIRMED,NONE,HIGH,DIALECT_ENGLISH
CASE-0567,Patient presenting with lumbar muscle strain. Continue treatment for some time.,Continue treatment for some time,VAGUE_DURATION,1,ROUTINE,How many days or weeks should treatment be continued?,ROUTINE_CLINICIAN,Resolved,CONFIRMED,NONE,HIGH,TRANSLATED_ENGLISH
CASE-0568,Iron deficiency anemia. Take ferrous sulfate tablets for a while then review.,Take tablets for a while,VAGUE_DURATION,1,ROUTINE,What is the intended treatment duration before rechecking blood count?,ROUTINE_CLINICIAN,Resolved,CONFIRMED,NONE,MEDIUM,STANDARD_ENGLISH
CASE-0569,   ,N/A,MISSING_NOTE,1,ROUTINE,Clinical note contains only whitespace. Manual clinical review required.,MANUAL_REVIEW,Resolved,REJECTED,Already addressed,EMPTY,TRANSLATED_ENGLISH
CASE-0570,Rural Clinic Visit Note: Post-vaccination fever and arm pain. Re-consult if patient feels unwell.,Re-consult if feels unwell,VAGUE_SYMPTOM_CONDITION,1,ROUTINE,"Clarify parameters for re-consultation (e.g., persistent fever >48 hours).",ROUTINE_CLINICIAN,Resolved,CONFIRMED,NONE,HIGH,STANDARD_ENGLISH
CASE-0571,,,MISSING_NOTE,1,ROUTINE,Clinical note is completely empty. Manual clinical review required before patient departure.,MANUAL_REVIEW,Resolved,REJECTED,Already addressed,EMPTY,STANDARD_ENGLISH
CASE-0572,Severe high fever 40C with neck stiffness. Re-examine after some time.,Re-examine after some time despite high fever and stiff neck,URGENCY_AMBIGUITY,1,HIGH,Urgency Conflict: Meningeal signs require emergency escalation to hospital care immediately!,IMMEDIATE_URGENT_REVIEW,Resolved,ESCALATED,NONE,HIGH,ENGLISH_NATIVE
CASE-0573,Nurse Triage Note: Upper respiratory tract infection. Advised bed rest and oral fluids. Return to clinic on Friday if not completely resolved.,Return on Friday if unresolved,NONE,0,ROUTINE,None required,NONE,Not Required,CONFIRMED,NONE,HIGH,ENGLISH_NATIVE
CASE-0574,Complex wound dressing. The health worker ought to monitor wound site.,Health worker ought to monitor,UNCLEAR_RESPONSIBILITY,1,ROUTINE,Designate named healthcare provider or specific clinic role for monitoring.,ROUTINE_CLINICIAN,Resolved,CONFIRMED,NONE,HIGH,STANDARD_ENGLISH
CASE-0575,Patient presenting with lumbar muscle strain. Continue treatment for some time.,Continue treatment for some time,VAGUE_DURATION,1,ROUTINE,How many days or weeks should treatment be continued?,ROUTINE_CLINICIAN,Resolved,CONFIRMED,NONE,HIGH,STANDARD_ENGLISH
CASE-0576,Mild gastritis symptoms. Continue PPI medication as long as needed.,Continue PPI as long as needed,VAGUE_DURATION,1,ROUTINE,Define maximum treatment duration and clear review threshold.,ROUTINE_CLINICIAN,Resolved,CONFIRMED,NONE,HIGH,DIALECT_ENGLISH
CASE-0577,   ,N/A,MISSING_NOTE,1,ROUTINE,Clinical note contains only whitespace. Manual clinical review required.,MANUAL_REVIEW,Resolved,REJECTED,Already addressed,EMPTY,DIALECT_ENGLISH
CASE-0578,Type 2 diabetes routine check. HbA1c 7.2%. Continue Metformin 500mg BD. Re-check blood fasting sugar on Monday morning.,Fasting sugar recheck Monday,NONE,0,ROUTINE,None required,NONE,Not Required,CONFIRMED,NONE,HIGH,ENGLISH_NATIVE
CASE-0579,refr specist if syncp recr,refr specist,NOISY_NOTE,1,MODERATE,Noisy text. Clarify referral criteria for recurrent syncope and target specialist.,SENIOR_CLINICIAN,Resolved,MODIFIED,Patient preference,NOISY,ENGLISH_NATIVE
CASE-0580,Post-op wound check day 7. Wound healing cleanly with no signs of infection. Sutures removed. Next checkup in 10 days.,Checkup in 10 days,NONE,0,ROUTINE,None required,NONE,Not Required,CONFIRMED,NONE,HIGH,DIALECT_ENGLISH
CASE-0581,Nurse Triage Note: Asthma exacerbation resolved after nebulization. Continue inhaler and come back soon.,Come back soon,FOLLOWUP_TIME_MISSING,1,ROUTINE,Specify the exact follow-up interval in days or weeks.,ROUTINE_CLINICIAN,Resolved,CONFIRMED,NONE,MEDIUM,DIALECT_ENGLISH
CASE-0582,Type 2 diabetes routine check. HbA1c 7.2%. Continue Metformin 500mg BD. Re-check blood fasting sugar on Monday morning.,Fasting sugar recheck Monday,NONE,0,ROUTINE,None required,NONE,Not Required,CONFIRMED,NONE,HIGH,TRANSLATED_ENGLISH
CASE-0583,"Minor head injury evaluated, CT normal. Patient advised to return for follow-up after some time.",Follow-up after some time,FOLLOWUP_TIME_MISSING,1,ROUTINE,What exact date or number of days should be used for follow-up?,ROUTINE_CLINICIAN,Resolved,CONFIRMED,NONE,HIGH,STANDARD_ENGLISH
CASE-0584,Hypertension consultation. BP recorded at 135/85 mmHg. Continue daily Amlodipine 5mg. Schedule follow-up visit on 15 September.,Follow-up on 15 September,NONE,0,ROUTINE,None required,NONE,Not Required,CONFIRMED,NONE,HIGH,TRANSLATED_ENGLISH
CASE-0585,Persistent abdominal pain suspicious for gallstones. Consult specialist when appropriate.,Consult specialist when appropriate,UNCLEAR_SPECIALIST_REFERRAL,1,MODERATE,"Define referral criteria, target department (General Surgery/GI), and urgency timeline.",SENIOR_CLINICIAN,Resolved,CONFIRMED,NONE,HIGH,STANDARD_ENGLISH
CASE-0586,,,MISSING_NOTE,1,ROUTINE,Clinical note is completely empty. Manual clinical review required before patient departure.,MANUAL_REVIEW,Resolved,REJECTED,False positive,EMPTY,STANDARD_ENGLISH
CASE-0587,Patient completed course of antibiotics for urinary tract infection. Re-assess in a few days.,Re-assess in a few days,FOLLOWUP_TIME_MISSING,1,ROUTINE,Clarify the precise number of days before re-assessment.,ROUTINE_CLINICIAN,Resolved,CONFIRMED,NONE,HIGH,ENGLISH_NATIVE
CASE-0588,Hypertension follow-up. Repeat BP check in 24 hours. Schedule follow-up in 6 weeks.,Repeat BP in 24h and 6 weeks,CONTRADICTORY_TIMING,1,ROUTINE,Clarify if 24-hour ambulatory check or 6-week routine visit is intended.,ROUTINE_CLINICIAN,Resolved,CONFIRMED,NONE,HIGH,TRANSLATED_ENGLISH
CASE-0589,Persistent abdominal pain suspicious for gallstones. Consult specialist when appropriate.,Consult specialist when appropriate,UNCLEAR_SPECIALIST_REFERRAL,1,MODERATE,"Define referral criteria, target department (General Surgery/GI), and urgency timeline.",SENIOR_CLINICIAN,Resolved,CONFIRMED,NONE,HIGH,ENGLISH_NATIVE
CASE-0590,Hypertension consultation. BP recorded at 135/85 mmHg. Continue daily Amlodipine 5mg. Schedule follow-up visit on 15 September.,Follow-up on 15 September,NONE,0,ROUTINE,None required,NONE,Not Required,CONFIRMED,NONE,HIGH,STANDARD_ENGLISH
CASE-0591,Hypertension consultation. BP recorded at 135/85 mmHg. Continue daily Amlodipine 5mg. Schedule follow-up visit on 15 September.,Follow-up on 15 September,NONE,0,ROUTINE,None required,NONE,Not Required,CONFIRMED,NONE,HIGH,DIALECT_ENGLISH
CASE-0592,   ,N/A,MISSING_NOTE,1,ROUTINE,Clinical note contains only whitespace. Manual clinical review required.,MANUAL_REVIEW,Resolved,REJECTED,Patient preference,EMPTY,TRANSLATED_ENGLISH
CASE-0593,Outpatient Record: Patient with chest congestion. Review tomorrow. Follow-up after two weeks.,Review tomorrow and after 2 weeks,CONTRADICTORY_TIMING,1,MODERATE,Resolve conflict: Is immediate review needed tomorrow or routine follow-up in 2 weeks?,ROUTINE_CLINICIAN,Resolved,CONFIRMED,NONE,HIGH,STANDARD_ENGLISH
CASE-0594,Upper respiratory tract infection. Advised bed rest and oral fluids. Return to clinic on Friday if not completely resolved.,Return on Friday if unresolved,NONE,0,ROUTINE,None required,NONE,Not Required,CONFIRMED,NONE,HIGH,STANDARD_ENGLISH
CASE-0595,Persistent abdominal pain suspicious for gallstones. Consult specialist when appropriate.,Consult specialist when appropriate,UNCLEAR_SPECIALIST_REFERRAL,1,MODERATE,"Define referral criteria, target department (General Surgery/GI), and urgency timeline.",SENIOR_CLINICIAN,Resolved,CONFIRMED,NONE,HIGH,DIALECT_ENGLISH
CASE-0596,Patient started on antihypertensive therapy. Come back if symptoms get worse.,Come back if symptoms get worse,VAGUE_SYMPTOM_CONDITION,1,ROUTINE,What specific red-flag symptoms or BP thresholds define 'worse'?,ROUTINE_CLINICIAN,Resolved,CONFIRMED,NONE,HIGH,TRANSLATED_ENGLISH
CASE-0597,,,MISSING_NOTE,1,ROUTINE,Clinical note is completely empty. Manual clinical review required before patient departure.,MANUAL_REVIEW,Resolved,REJECTED,Specialist already contacted,EMPTY,TRANSLATED_ENGLISH
CASE-0598,Rural Clinic Visit Note: Upper respiratory tract infection. Advised bed rest and oral fluids. Return to clinic on Friday if not completely resolved.,Return on Friday if unresolved,NONE,0,ROUTINE,None required,NONE,Not Required,CONFIRMED,NONE,HIGH,STANDARD_ENGLISH
CASE-0599,Nurse Triage Note: Diabetic ulcer dressing changed. Clinic visit in 3 days.,Clinic visit in 3 days,MISSING_ACTION,1,ROUTINE,"Clarify whether visit is for dressing change, debridement, or physician review.",ROUTINE_CLINICIAN,Resolved,CONFIRMED,NONE,HIGH,DIALECT_ENGLISH
CASE-0600,Iron deficiency anemia. Take ferrous sulfate tablets for a while then review.,Take tablets for a while,VAGUE_DURATION,1,ROUTINE,What is the intended treatment duration before rechecking blood count?,ROUTINE_CLINICIAN,Resolved,CONFIRMED,NONE,MEDIUM,STANDARD_ENGLISH
CASE-0601,Nurse Triage Note: Patient diagnosed with acute pharyngitis. Amoxicillin 500mg prescribed for 7 days. Return to clinic in 5 days for review.,Review in 5 days,NONE,0,ROUTINE,None required,NONE,Not Required,CONFIRMED,NONE,HIGH,ENGLISH_NATIVE
CASE-0602,Upper respiratory tract infection. Advised bed rest and oral fluids. Return to clinic on Friday if not completely resolved.,Return on Friday if unresolved,NONE,0,ROUTINE,None required,NONE,Not Required,CONFIRMED,NONE,HIGH,DIALECT_ENGLISH
CASE-0603,Post-op wound check day 7. Wound healing cleanly with no signs of infection. Sutures removed. Next checkup in 10 days.,Checkup in 10 days,NONE,0,ROUTINE,None required,NONE,Not Required,CONFIRMED,NONE,HIGH,TRANSLATED_ENGLISH
CASE-0604,Nurse Triage Note: Post-discharge stroke rehabilitation. Patient needs to be checked regularly.,Patient needs to be checked regularly,UNCLEAR_RESPONSIBILITY,1,ROUTINE,Assign explicit staff role responsible for regular checks.,ROUTINE_CLINICIAN,Resolved,CONFIRMED,NONE,HIGH,ENGLISH_NATIVE
CASE-0605,Consultation Summary: Post-vaccination fever and arm pain. Re-consult if patient feels unwell.,Re-consult if feels unwell,VAGUE_SYMPTOM_CONDITION,1,ROUTINE,"Clarify parameters for re-consultation (e.g., persistent fever >48 hours).",ROUTINE_CLINICIAN,Resolved,CONFIRMED,NONE,HIGH,STANDARD_ENGLISH
CASE-0606,pt revw in few dyas or wks if pain persist,pt revw few dyas,NOISY_NOTE,1,ROUTINE,Low-confidence text. Confirm exact follow-up interval and pain management plan.,ROUTINE_CLINICIAN,Resolved,MODIFIED,Other,NOISY,TRANSLATED_ENGLISH
CASE-0607,Nurse Triage Note: Patient has worsening breathing difficulty. Review later.,Review later despite worsening dyspnea,URGENCY_AMBIGUITY,1,HIGH,Urgency Conflict: Severe respiratory symptom combined with delayed review. Immediate clinical evaluation required!,IMMEDIATE_URGENT_REVIEW,Resolved,ESCALATED,NONE,HIGH,ENGLISH_NATIVE
CASE-0608,,,MISSING_NOTE,1,ROUTINE,Clinical note is completely empty. Manual clinical review required before patient departure.,MANUAL_REVIEW,Resolved,REJECTED,Already addressed,EMPTY,TRANSLATED_ENGLISH
CASE-0609,Persistent abdominal pain suspicious for gallstones. Consult specialist when appropriate.,Consult specialist when appropriate,UNCLEAR_SPECIALIST_REFERRAL,1,MODERATE,"Define referral criteria, target department (General Surgery/GI), and urgency timeline.",SENIOR_CLINICIAN,Resolved,CONFIRMED,NONE,HIGH,TRANSLATED_ENGLISH
CASE-0610,chk BP agin latr nxt wk if high,chk BP latr,NOISY_NOTE,1,ROUTINE,Noisy input detected. Clarify exact target day and target blood pressure threshold.,ROUTINE_CLINICIAN,Resolved,MODIFIED,Clinical context differs,NOISY,STANDARD_ENGLISH
CASE-0611,Patient consultation for chronic back pain. Follow-up in one week.,Follow-up in one week,MISSING_ACTION,1,ROUTINE,"What specific action (BP check, lab test, medication review) is required at follow-up?",ROUTINE_CLINICIAN,Resolved,CONFIRMED,NONE,HIGH,DIALECT_ENGLISH
CASE-0612,Post-op wound check day 7. Wound healing cleanly with no signs of infection. Sutures removed. Next checkup in 10 days.,Checkup in 10 days,NONE,0,ROUTINE,None required,NONE,Not Required,CONFIRMED,NONE,HIGH,ENGLISH_NATIVE
CASE-0613,Fungal skin infection on forearm. Apply anti-fungal ointment for a couple of days.,Apply ointment for a couple of days,VAGUE_DURATION,1,ROUTINE,"Specify exact duration of ointment application (e.g., 7 or 14 days).",ROUTINE_CLINICIAN,Resolved,CONFIRMED,NONE,HIGH,DIALECT_ENGLISH
CASE-0614,"Minor head injury evaluated, CT normal. Patient advised to return for follow-up after some time.",Follow-up after some time,FOLLOWUP_TIME_MISSING,1,ROUTINE,What exact date or number of days should be used for follow-up?,ROUTINE_CLINICIAN,Resolved,CONFIRMED,NONE,HIGH,TRANSLATED_ENGLISH
CASE-0615,Outpatient Record: Mild bronchitis. Take cough syrup. Return to clinic if condition deteriorates.,Return if condition deteriorates,VAGUE_SYMPTOM_CONDITION,1,MODERATE,"Which specific signs (fever >38.5C, severe shortness of breath) constitute deterioration?",ROUTINE_CLINICIAN,Resolved,CONFIRMED,NONE,HIGH,DIALECT_ENGLISH
CASE-0616,Asthma exacerbation resolved after nebulization. Continue inhaler and come back soon.,Come back soon,FOLLOWUP_TIME_MISSING,1,ROUTINE,Specify the exact follow-up interval in days or weeks.,ROUTINE_CLINICIAN,Resolved,CONFIRMED,NONE,MEDIUM,ENGLISH_NATIVE
CASE-0617,Elevated blood pressure observed. Review scheduled for 10th August.,Review scheduled 10th August,MISSING_ACTION,1,ROUTINE,Identify required clinical procedure or test prior to review.,ROUTINE_CLINICIAN,Resolved,CONFIRMED,NONE,HIGH,ENGLISH_NATIVE
CASE-0618,Consultation Summary: Patient presenting with lumbar muscle strain. Continue treatment for some time.,Continue treatment for some time,VAGUE_DURATION,1,ROUTINE,How many days or weeks should treatment be continued?,ROUTINE_CLINICIAN,Resolved,CONFIRMED,NONE,HIGH,STANDARD_ENGLISH
CASE-0619,Asthma exacerbation resolved after nebulization. Continue inhaler and come back soon.,Come back soon,FOLLOWUP_TIME_MISSING,1,ROUTINE,Specify the exact follow-up interval in days or weeks.,ROUTINE_CLINICIAN,Resolved,CONFIRMED,NONE,MEDIUM,ENGLISH_NATIVE
CASE-0620,Outpatient Record: Skin lesion showing irregular borders. Refer to expert if needed.,Refer to expert if needed,UNCLEAR_SPECIALIST_REFERRAL,1,MODERATE,"Specify Dermatology referral trigger (biopsy result, size increase) and referral priority.",SENIOR_CLINICIAN,Resolved,CONFIRMED,NONE,HIGH,STANDARD_ENGLISH
CASE-0621,Type 2 diabetes routine check. HbA1c 7.2%. Continue Metformin 500mg BD. Re-check blood fasting sugar on Monday morning.,Fasting sugar recheck Monday,NONE,0,ROUTINE,None required,NONE,Not Required,CONFIRMED,NONE,HIGH,ENGLISH_NATIVE
CASE-0622,   ,N/A,MISSING_NOTE,1,ROUTINE,Clinical note contains only whitespace. Manual clinical review required.,MANUAL_REVIEW,Resolved,REJECTED,Specialist already contacted,EMPTY,DIALECT_ENGLISH
CASE-0623,Outpatient Record: Complex wound dressing. The health worker ought to monitor wound site.,Health worker ought to monitor,UNCLEAR_RESPONSIBILITY,1,ROUTINE,Designate named healthcare provider or specific clinic role for monitoring.,ROUTINE_CLINICIAN,Resolved,CONFIRMED,NONE,HIGH,DIALECT_ENGLISH
CASE-0624,Hypertension consultation. BP recorded at 135/85 mmHg. Continue daily Amlodipine 5mg. Schedule follow-up visit on 15 September.,Follow-up on 15 September,NONE,0,ROUTINE,None required,NONE,Not Required,CONFIRMED,NONE,HIGH,TRANSLATED_ENGLISH
CASE-0625,Severe high fever 40C with neck stiffness. Re-examine after some time.,Re-examine after some time despite high fever and stiff neck,URGENCY_AMBIGUITY,1,HIGH,Urgency Conflict: Meningeal signs require emergency escalation to hospital care immediately!,IMMEDIATE_URGENT_REVIEW,Resolved,ESCALATED,NONE,HIGH,DIALECT_ENGLISH
CASE-0626,pt revw in few dyas or wks if pain persist,pt revw few dyas,NOISY_NOTE,1,ROUTINE,Low-confidence text. Confirm exact follow-up interval and pain management plan.,ROUTINE_CLINICIAN,Resolved,MODIFIED,Resource unavailable,NOISY,ENGLISH_NATIVE
CASE-0627,Patient diagnosed with acute pharyngitis. Amoxicillin 500mg prescribed for 7 days. Return to clinic in 5 days for review.,Review in 5 days,NONE,0,ROUTINE,None required,NONE,Not Required,CONFIRMED,NONE,HIGH,TRANSLATED_ENGLISH
CASE-0628,Outpatient Record: follw up aftr 3 dys if condtion worsn,follw up 3 dys,NOISY_NOTE,1,ROUTINE,Low-confidence transcription. Verify if 'follow up after 3 days if condition worsens' was intended.,ROUTINE_CLINICIAN,Resolved,MODIFIED,Patient preference,NOISY,STANDARD_ENGLISH
CASE-0629,Post-vaccination fever and arm pain. Re-consult if patient feels unwell.,Re-consult if feels unwell,VAGUE_SYMPTOM_CONDITION,1,ROUTINE,"Clarify parameters for re-consultation (e.g., persistent fever >48 hours).",ROUTINE_CLINICIAN,Resolved,CONFIRMED,NONE,HIGH,ENGLISH_NATIVE
CASE-0630,Suspected glaucoma with elevated intraocular pressure. Refer to specialist if necessary.,Refer to specialist if necessary,UNCLEAR_SPECIALIST_REFERRAL,1,MODERATE,Which specialist department (Ophthalmology) and under what exact criteria?,SENIOR_CLINICIAN,Resolved,CONFIRMED,NONE,HIGH,STANDARD_ENGLISH
CASE-0631,Consultation Summary: Persistent abdominal pain suspicious for gallstones. Consult specialist when appropriate.,Consult specialist when appropriate,UNCLEAR_SPECIALIST_REFERRAL,1,MODERATE,"Define referral criteria, target department (General Surgery/GI), and urgency timeline.",SENIOR_CLINICIAN,Resolved,CONFIRMED,NONE,HIGH,ENGLISH_NATIVE
CASE-0632,Persistent abdominal pain suspicious for gallstones. Consult specialist when appropriate.,Consult specialist when appropriate,UNCLEAR_SPECIALIST_REFERRAL,1,MODERATE,"Define referral criteria, target department (General Surgery/GI), and urgency timeline.",SENIOR_CLINICIAN,Resolved,CONFIRMED,NONE,HIGH,STANDARD_ENGLISH
CASE-0633,Post-op wound check day 7. Wound healing cleanly with no signs of infection. Sutures removed. Next checkup in 10 days.,Checkup in 10 days,NONE,0,ROUTINE,None required,NONE,Not Required,CONFIRMED,NONE,HIGH,ENGLISH_NATIVE
CASE-0634,"Child presenting with lethargy, high grade fever and vomiting. Check tomorrow if worsens.",Check tomorrow despite severe pediatric lethargy,URGENCY_AMBIGUITY,1,HIGH,Urgency Conflict: Pediatric red-flag symptoms require urgent emergency triage!,IMMEDIATE_URGENT_REVIEW,Resolved,ESCALATED,NONE,HIGH,TRANSLATED_ENGLISH
CASE-0635,Post-op wound check day 7. Wound healing cleanly with no signs of infection. Sutures removed. Next checkup in 10 days.,Checkup in 10 days,NONE,0,ROUTINE,None required,NONE,Not Required,CONFIRMED,NONE,HIGH,ENGLISH_NATIVE
CASE-0636,Patient diagnosed with acute pharyngitis. Amoxicillin 500mg prescribed for 7 days. Return to clinic in 5 days for review.,Review in 5 days,NONE,0,ROUTINE,None required,NONE,Not Required,CONFIRMED,NONE,HIGH,STANDARD_ENGLISH
CASE-0637,Persistent abdominal pain suspicious for gallstones. Consult specialist when appropriate.,Consult specialist when appropriate,UNCLEAR_SPECIALIST_REFERRAL,1,MODERATE,"Define referral criteria, target department (General Surgery/GI), and urgency timeline.",SENIOR_CLINICIAN,Resolved,CONFIRMED,NONE,HIGH,STANDARD_ENGLISH
CASE-0638,Patient with fluctuating blood glucose levels. Someone should review the patient.,Someone should review the patient,UNCLEAR_RESPONSIBILITY,1,ROUTINE,"Who (duty doctor, community health nurse, endocrinologist) is responsible for review?",ROUTINE_CLINICIAN,Resolved,CONFIRMED,NONE,HIGH,STANDARD_ENGLISH
CASE-0639,refr specist if syncp recr,refr specist,NOISY_NOTE,1,MODERATE,Noisy text. Clarify referral criteria for recurrent syncope and target specialist.,SENIOR_CLINICIAN,Resolved,MODIFIED,False positive,NOISY,ENGLISH_NATIVE
CASE-0640,Outpatient Record: Patient with fluctuating blood glucose levels. Someone should review the patient.,Someone should review the patient,UNCLEAR_RESPONSIBILITY,1,ROUTINE,"Who (duty doctor, community health nurse, endocrinologist) is responsible for review?",ROUTINE_CLINICIAN,Resolved,CONFIRMED,NONE,HIGH,ENGLISH_NATIVE
CASE-0641,Complex wound dressing. The health worker ought to monitor wound site.,Health worker ought to monitor,UNCLEAR_RESPONSIBILITY,1,ROUTINE,Designate named healthcare provider or specific clinic role for monitoring.,ROUTINE_CLINICIAN,Resolved,CONFIRMED,NONE,HIGH,DIALECT_ENGLISH
CASE-0642,Nurse Triage Note: Post-operative suture care. Come back in 3 days. Return to clinic next month.,Come back in 3 days and next month,CONTRADICTORY_TIMING,1,ROUTINE,Confirm whether suture removal is at day 3 or 30 days.,ROUTINE_CLINICIAN,Resolved,CONFIRMED,NONE,HIGH,TRANSLATED_ENGLISH
CASE-0643,Rural Clinic Visit Note: Patient presenting with mild eczema. Hydrocortisone cream applied. Return to rural health center in 2 weeks for reassessment.,Reassessment in 2 weeks,NONE,0,ROUTINE,None required,NONE,Not Required,CONFIRMED,NONE,HIGH,DIALECT_ENGLISH
CASE-0644,Rural Clinic Visit Note: refr specist if syncp recr,refr specist,NOISY_NOTE,1,MODERATE,Noisy text. Clarify referral criteria for recurrent syncope and target specialist.,SENIOR_CLINICIAN,Resolved,MODIFIED,Patient preference,NOISY,ENGLISH_NATIVE
CASE-0645,Mild gastritis symptoms. Continue PPI medication as long as needed.,Continue PPI as long as needed,VAGUE_DURATION,1,ROUTINE,Define maximum treatment duration and clear review threshold.,ROUTINE_CLINICIAN,Resolved,CONFIRMED,NONE,HIGH,DIALECT_ENGLISH
CASE-0646,"Child presenting with lethargy, high grade fever and vomiting. Check tomorrow if worsens.",Check tomorrow despite severe pediatric lethargy,URGENCY_AMBIGUITY,1,HIGH,Urgency Conflict: Pediatric red-flag symptoms require urgent emergency triage!,IMMEDIATE_URGENT_REVIEW,Resolved,ESCALATED,NONE,HIGH,DIALECT_ENGLISH
CASE-0647,Type 2 diabetes routine check. HbA1c 7.2%. Continue Metformin 500mg BD. Re-check blood fasting sugar on Monday morning.,Fasting sugar recheck Monday,NONE,0,ROUTINE,None required,NONE,Not Required,CONFIRMED,NONE,HIGH,DIALECT_ENGLISH
CASE-0648,Suspected glaucoma with elevated intraocular pressure. Refer to specialist if necessary.,Refer to specialist if necessary,UNCLEAR_SPECIALIST_REFERRAL,1,MODERATE,Which specialist department (Ophthalmology) and under what exact criteria?,SENIOR_CLINICIAN,Resolved,CONFIRMED,NONE,HIGH,DIALECT_ENGLISH
CASE-0649,Post-operative suture care. Come back in 3 days. Return to clinic next month.,Come back in 3 days and next month,CONTRADICTORY_TIMING,1,ROUTINE,Confirm whether suture removal is at day 3 or 30 days.,ROUTINE_CLINICIAN,Resolved,CONFIRMED,NONE,HIGH,STANDARD_ENGLISH
CASE-0650,Mild osteoarthritis of right knee. Paracetamol 1g TDS prescribed as needed for pain. Follow up in 3 weeks at clinic.,Follow up in 3 weeks,NONE,0,ROUTINE,None required,NONE,Not Required,CONFIRMED,NONE,HIGH,STANDARD_ENGLISH
CASE-0651,   ,N/A,MISSING_NOTE,1,ROUTINE,Clinical note contains only whitespace. Manual clinical review required.,MANUAL_REVIEW,Resolved,REJECTED,Patient preference,EMPTY,STANDARD_ENGLISH
CASE-0652,   ,N/A,MISSING_NOTE,1,ROUTINE,Clinical note contains only whitespace. Manual clinical review required.,MANUAL_REVIEW,Resolved,REJECTED,Other,EMPTY,ENGLISH_NATIVE
CASE-0653,Mild gastritis symptoms. Continue PPI medication as long as needed.,Continue PPI as long as needed,VAGUE_DURATION,1,ROUTINE,Define maximum treatment duration and clear review threshold.,ROUTINE_CLINICIAN,Resolved,CONFIRMED,NONE,HIGH,STANDARD_ENGLISH
CASE-0654,,,MISSING_NOTE,1,ROUTINE,Clinical note is completely empty. Manual clinical review required before patient departure.,MANUAL_REVIEW,Resolved,REJECTED,Specialist already contacted,EMPTY,TRANSLATED_ENGLISH
CASE-0655,Hypertension consultation. BP recorded at 135/85 mmHg. Continue daily Amlodipine 5mg. Schedule follow-up visit on 15 September.,Follow-up on 15 September,NONE,0,ROUTINE,None required,NONE,Not Required,CONFIRMED,NONE,HIGH,ENGLISH_NATIVE
CASE-0656,Nurse Triage Note: Post-op wound check day 7. Wound healing cleanly with no signs of infection. Sutures removed. Next checkup in 10 days.,Checkup in 10 days,NONE,0,ROUTINE,None required,NONE,Not Required,CONFIRMED,NONE,HIGH,ENGLISH_NATIVE
CASE-0657,Post-vaccination fever and arm pain. Re-consult if patient feels unwell.,Re-consult if feels unwell,VAGUE_SYMPTOM_CONDITION,1,ROUTINE,"Clarify parameters for re-consultation (e.g., persistent fever >48 hours).",ROUTINE_CLINICIAN,Resolved,CONFIRMED,NONE,HIGH,STANDARD_ENGLISH
CASE-0658,Type 2 diabetes routine check. HbA1c 7.2%. Continue Metformin 500mg BD. Re-check blood fasting sugar on Monday morning.,Fasting sugar recheck Monday,NONE,0,ROUTINE,None required,NONE,Not Required,CONFIRMED,NONE,HIGH,DIALECT_ENGLISH
CASE-0659,   ,N/A,MISSING_NOTE,1,ROUTINE,Clinical note contains only whitespace. Manual clinical review required.,MANUAL_REVIEW,Resolved,REJECTED,Already addressed,EMPTY,TRANSLATED_ENGLISH
CASE-0660,Hypertension consultation. BP recorded at 135/85 mmHg. Continue daily Amlodipine 5mg. Schedule follow-up visit on 15 September.,Follow-up on 15 September,NONE,0,ROUTINE,None required,NONE,Not Required,CONFIRMED,NONE,HIGH,STANDARD_ENGLISH
CASE-0661,follw up aftr 3 dys if condtion worsn,follw up 3 dys,NOISY_NOTE,1,ROUTINE,Low-confidence transcription. Verify if 'follow up after 3 days if condition worsens' was intended.,ROUTINE_CLINICIAN,Resolved,MODIFIED,Recommendation not applicable,NOISY,TRANSLATED_ENGLISH
CASE-0662,Post-traumatic abdominal rigidity and tachycardia. Follow-up next week.,Follow-up next week despite acute abdomen,URGENCY_AMBIGUITY,1,HIGH,Urgency Conflict: Suspected internal bleeding requiring immediate surgical evaluation!,IMMEDIATE_URGENT_REVIEW,Resolved,ESCALATED,NONE,HIGH,STANDARD_ENGLISH
CASE-0663,Post-op wound check day 7. Wound healing cleanly with no signs of infection. Sutures removed. Next checkup in 10 days.,Checkup in 10 days,NONE,0,ROUTINE,None required,NONE,Not Required,CONFIRMED,NONE,HIGH,TRANSLATED_ENGLISH
CASE-0664,Patient presenting with mild eczema. Hydrocortisone cream applied. Return to rural health center in 2 weeks for reassessment.,Reassessment in 2 weeks,NONE,0,ROUTINE,None required,NONE,Not Required,CONFIRMED,NONE,HIGH,STANDARD_ENGLISH
CASE-0665,Outpatient Record: Hypertension follow-up. Repeat BP check in 24 hours. Schedule follow-up in 6 weeks.,Repeat BP in 24h and 6 weeks,CONTRADICTORY_TIMING,1,ROUTINE,Clarify if 24-hour ambulatory check or 6-week routine visit is intended.,ROUTINE_CLINICIAN,Resolved,CONFIRMED,NONE,HIGH,DIALECT_ENGLISH
CASE-0666,Patient has worsening breathing difficulty. Review later.,Review later despite worsening dyspnea,URGENCY_AMBIGUITY,1,HIGH,Urgency Conflict: Severe respiratory symptom combined with delayed review. Immediate clinical evaluation required!,IMMEDIATE_URGENT_REVIEW,Resolved,ESCALATED,NONE,HIGH,ENGLISH_NATIVE
CASE-0667,Mild osteoarthritis of right knee. Paracetamol 1g TDS prescribed as needed for pain. Follow up in 3 weeks at clinic.,Follow up in 3 weeks,NONE,0,ROUTINE,None required,NONE,Not Required,CONFIRMED,NONE,HIGH,DIALECT_ENGLISH
CASE-0668,Complex wound dressing. The health worker ought to monitor wound site.,Health worker ought to monitor,UNCLEAR_RESPONSIBILITY,1,ROUTINE,Designate named healthcare provider or specific clinic role for monitoring.,ROUTINE_CLINICIAN,Resolved,CONFIRMED,NONE,HIGH,ENGLISH_NATIVE
CASE-0669,Complex wound dressing. The health worker ought to monitor wound site.,Health worker ought to monitor,UNCLEAR_RESPONSIBILITY,1,ROUTINE,Designate named healthcare provider or specific clinic role for monitoring.,ROUTINE_CLINICIAN,Resolved,CONFIRMED,NONE,HIGH,DIALECT_ENGLISH
CASE-0670,,,MISSING_NOTE,1,ROUTINE,Clinical note is completely empty. Manual clinical review required before patient departure.,MANUAL_REVIEW,Resolved,REJECTED,Specialist already contacted,EMPTY,DIALECT_ENGLISH
CASE-0671,Patient with fluctuating blood glucose levels. Someone should review the patient.,Someone should review the patient,UNCLEAR_RESPONSIBILITY,1,ROUTINE,"Who (duty doctor, community health nurse, endocrinologist) is responsible for review?",ROUTINE_CLINICIAN,Resolved,CONFIRMED,NONE,HIGH,STANDARD_ENGLISH
CASE-0672,Rural Clinic Visit Note: Upper respiratory tract infection. Advised bed rest and oral fluids. Return to clinic on Friday if not completely resolved.,Return on Friday if unresolved,NONE,0,ROUTINE,None required,NONE,Not Required,CONFIRMED,NONE,HIGH,ENGLISH_NATIVE
CASE-0673,Patient diagnosed with acute pharyngitis. Amoxicillin 500mg prescribed for 7 days. Return to clinic in 5 days for review.,Review in 5 days,NONE,0,ROUTINE,None required,NONE,Not Required,CONFIRMED,NONE,HIGH,ENGLISH_NATIVE
CASE-0674,Post-traumatic abdominal rigidity and tachycardia. Follow-up next week.,Follow-up next week despite acute abdomen,URGENCY_AMBIGUITY,1,HIGH,Urgency Conflict: Suspected internal bleeding requiring immediate surgical evaluation!,IMMEDIATE_URGENT_REVIEW,Resolved,ESCALATED,NONE,HIGH,STANDARD_ENGLISH
CASE-0675,Pediatric fever settled. See nurse next Monday.,See nurse next Monday,MISSING_ACTION,1,ROUTINE,"Specify the action needed (growth monitoring, repeat temperature check, vaccination).",ROUTINE_CLINICIAN,Resolved,CONFIRMED,NONE,HIGH,TRANSLATED_ENGLISH
CASE-0676,Upper respiratory tract infection. Advised bed rest and oral fluids. Return to clinic on Friday if not completely resolved.,Return on Friday if unresolved,NONE,0,ROUTINE,None required,NONE,Not Required,CONFIRMED,NONE,HIGH,DIALECT_ENGLISH
CASE-0677,Nurse Triage Note: Patient with chest congestion. Review tomorrow. Follow-up after two weeks.,Review tomorrow and after 2 weeks,CONTRADICTORY_TIMING,1,MODERATE,Resolve conflict: Is immediate review needed tomorrow or routine follow-up in 2 weeks?,ROUTINE_CLINICIAN,Resolved,CONFIRMED,NONE,HIGH,STANDARD_ENGLISH
CASE-0678,Type 2 diabetes routine check. HbA1c 7.2%. Continue Metformin 500mg BD. Re-check blood fasting sugar on Monday morning.,Fasting sugar recheck Monday,NONE,0,ROUTINE,None required,NONE,Not Required,CONFIRMED,NONE,HIGH,ENGLISH_NATIVE
CASE-0679,Nurse Triage Note: Diabetic ulcer dressing changed. Clinic visit in 3 days.,Clinic visit in 3 days,MISSING_ACTION,1,ROUTINE,"Clarify whether visit is for dressing change, debridement, or physician review.",ROUTINE_CLINICIAN,Resolved,CONFIRMED,NONE,HIGH,STANDARD_ENGLISH
CASE-0680,Patient completed course of antibiotics for urinary tract infection. Re-assess in a few days.,Re-assess in a few days,FOLLOWUP_TIME_MISSING,1,ROUTINE,Clarify the precise number of days before re-assessment.,ROUTINE_CLINICIAN,Resolved,CONFIRMED,NONE,HIGH,ENGLISH_NATIVE
CASE-0681,"Outpatient Record: Minor head injury evaluated, CT normal. Patient advised to return for follow-up after some time.",Follow-up after some time,FOLLOWUP_TIME_MISSING,1,ROUTINE,What exact date or number of days should be used for follow-up?,ROUTINE_CLINICIAN,Resolved,CONFIRMED,NONE,HIGH,DIALECT_ENGLISH
CASE-0682,Post-discharge stroke rehabilitation. Patient needs to be checked regularly.,Patient needs to be checked regularly,UNCLEAR_RESPONSIBILITY,1,ROUTINE,Assign explicit staff role responsible for regular checks.,ROUTINE_CLINICIAN,Resolved,CONFIRMED,NONE,HIGH,ENGLISH_NATIVE
CASE-0683,   ,N/A,MISSING_NOTE,1,ROUTINE,Clinical note contains only whitespace. Manual clinical review required.,MANUAL_REVIEW,Resolved,REJECTED,Specialist already contacted,EMPTY,STANDARD_ENGLISH
CASE-0684,Skin lesion showing irregular borders. Refer to expert if needed.,Refer to expert if needed,UNCLEAR_SPECIALIST_REFERRAL,1,MODERATE,"Specify Dermatology referral trigger (biopsy result, size increase) and referral priority.",SENIOR_CLINICIAN,Resolved,CONFIRMED,NONE,HIGH,DIALECT_ENGLISH
CASE-0685,Outpatient Record: Mild gastritis symptoms. Continue PPI medication as long as needed.,Continue PPI as long as needed,VAGUE_DURATION,1,ROUTINE,Define maximum treatment duration and clear review threshold.,ROUTINE_CLINICIAN,Resolved,CONFIRMED,NONE,HIGH,DIALECT_ENGLISH
CASE-0686,Hypertension follow-up. Repeat BP check in 24 hours. Schedule follow-up in 6 weeks.,Repeat BP in 24h and 6 weeks,CONTRADICTORY_TIMING,1,ROUTINE,Clarify if 24-hour ambulatory check or 6-week routine visit is intended.,ROUTINE_CLINICIAN,Resolved,CONFIRMED,NONE,HIGH,ENGLISH_NATIVE
CASE-0687,refr specist if syncp recr,refr specist,NOISY_NOTE,1,MODERATE,Noisy text. Clarify referral criteria for recurrent syncope and target specialist.,SENIOR_CLINICIAN,Resolved,MODIFIED,Clinical context differs,NOISY,STANDARD_ENGLISH
CASE-0688,Hypertension follow-up. Repeat BP check in 24 hours. Schedule follow-up in 6 weeks.,Repeat BP in 24h and 6 weeks,CONTRADICTORY_TIMING,1,ROUTINE,Clarify if 24-hour ambulatory check or 6-week routine visit is intended.,ROUTINE_CLINICIAN,Resolved,CONFIRMED,NONE,HIGH,TRANSLATED_ENGLISH
CASE-0689,Allergic dermatitis treated with antihistamines. Return to clinic at a convenient time.,Return at convenient time,FOLLOWUP_TIME_MISSING,1,ROUTINE,Define a specific follow-up target date for clinic visit.,ROUTINE_CLINICIAN,Resolved,MODIFIED,Patient preference,HIGH,DIALECT_ENGLISH
CASE-0690,Elevated blood pressure observed. Review scheduled for 10th August.,Review scheduled 10th August,MISSING_ACTION,1,ROUTINE,Identify required clinical procedure or test prior to review.,ROUTINE_CLINICIAN,Resolved,CONFIRMED,NONE,HIGH,DIALECT_ENGLISH
CASE-0691,Nurse Triage Note: Mild bronchitis. Take cough syrup. Return to clinic if condition deteriorates.,Return if condition deteriorates,VAGUE_SYMPTOM_CONDITION,1,MODERATE,"Which specific signs (fever >38.5C, severe shortness of breath) constitute deterioration?",ROUTINE_CLINICIAN,Resolved,CONFIRMED,NONE,HIGH,ENGLISH_NATIVE
CASE-0692,,,MISSING_NOTE,1,ROUTINE,Clinical note is completely empty. Manual clinical review required before patient departure.,MANUAL_REVIEW,Resolved,REJECTED,Recommendation not applicable,EMPTY,STANDARD_ENGLISH
CASE-0693,Pediatric fever settled. See nurse next Monday.,See nurse next Monday,MISSING_ACTION,1,ROUTINE,"Specify the action needed (growth monitoring, repeat temperature check, vaccination).",ROUTINE_CLINICIAN,Resolved,CONFIRMED,NONE,HIGH,DIALECT_ENGLISH
CASE-0694,chk BP agin latr nxt wk if high,chk BP latr,NOISY_NOTE,1,ROUTINE,Noisy input detected. Clarify exact target day and target blood pressure threshold.,ROUTINE_CLINICIAN,Resolved,MODIFIED,Specialist already contacted,NOISY,TRANSLATED_ENGLISH
CASE-0695,Mild osteoarthritis of right knee. Paracetamol 1g TDS prescribed as needed for pain. Follow up in 3 weeks at clinic.,Follow up in 3 weeks,NONE,0,ROUTINE,None required,NONE,Not Required,CONFIRMED,NONE,HIGH,STANDARD_ENGLISH
CASE-0696,Patient consultation for chronic back pain. Follow-up in one week.,Follow-up in one week,MISSING_ACTION,1,ROUTINE,"What specific action (BP check, lab test, medication review) is required at follow-up?",ROUTINE_CLINICIAN,Resolved,CONFIRMED,NONE,HIGH,TRANSLATED_ENGLISH
CASE-0697,Patient with fluctuating blood glucose levels. Someone should review the patient.,Someone should review the patient,UNCLEAR_RESPONSIBILITY,1,ROUTINE,"Who (duty doctor, community health nurse, endocrinologist) is responsible for review?",ROUTINE_CLINICIAN,Resolved,CONFIRMED,NONE,HIGH,ENGLISH_NATIVE
CASE-0698,Hypertension consultation. BP recorded at 135/85 mmHg. Continue daily Amlodipine 5mg. Schedule follow-up visit on 15 September.,Follow-up on 15 September,NONE,0,ROUTINE,None required,NONE,Not Required,CONFIRMED,NONE,HIGH,TRANSLATED_ENGLISH
CASE-0699,Upper respiratory tract infection. Advised bed rest and oral fluids. Return to clinic on Friday if not completely resolved.,Return on Friday if unresolved,NONE,0,ROUTINE,None required,NONE,Not Required,CONFIRMED,NONE,HIGH,STANDARD_ENGLISH
CASE-0700,Post-vaccination fever and arm pain. Re-consult if patient feels unwell.,Re-consult if feels unwell,VAGUE_SYMPTOM_CONDITION,1,ROUTINE,"Clarify parameters for re-consultation (e.g., persistent fever >48 hours).",ROUTINE_CLINICIAN,Resolved,CONFIRMED,NONE,HIGH,STANDARD_ENGLISH
CASE-0701,Diabetic ulcer dressing changed. Clinic visit in 3 days.,Clinic visit in 3 days,MISSING_ACTION,1,ROUTINE,"Clarify whether visit is for dressing change, debridement, or physician review.",ROUTINE_CLINICIAN,Resolved,CONFIRMED,NONE,HIGH,ENGLISH_NATIVE
CASE-0702,Fungal skin infection on forearm. Apply anti-fungal ointment for a couple of days.,Apply ointment for a couple of days,VAGUE_DURATION,1,ROUTINE,"Specify exact duration of ointment application (e.g., 7 or 14 days).",ROUTINE_CLINICIAN,Resolved,CONFIRMED,NONE,HIGH,TRANSLATED_ENGLISH
CASE-0703,"Child presenting with lethargy, high grade fever and vomiting. Check tomorrow if worsens.",Check tomorrow despite severe pediatric lethargy,URGENCY_AMBIGUITY,1,HIGH,Urgency Conflict: Pediatric red-flag symptoms require urgent emergency triage!,IMMEDIATE_URGENT_REVIEW,Resolved,ESCALATED,NONE,HIGH,ENGLISH_NATIVE
CASE-0704,Asthma exacerbation resolved after nebulization. Continue inhaler and come back soon.,Come back soon,FOLLOWUP_TIME_MISSING,1,ROUTINE,Specify the exact follow-up interval in days or weeks.,ROUTINE_CLINICIAN,Resolved,CONFIRMED,NONE,MEDIUM,ENGLISH_NATIVE
CASE-0705,Patient diagnosed with acute pharyngitis. Amoxicillin 500mg prescribed for 7 days. Return to clinic in 5 days for review.,Review in 5 days,NONE,0,ROUTINE,None required,NONE,Not Required,CONFIRMED,NONE,HIGH,ENGLISH_NATIVE
CASE-0706,Nurse Triage Note: Persistent abdominal pain suspicious for gallstones. Consult specialist when appropriate.,Consult specialist when appropriate,UNCLEAR_SPECIALIST_REFERRAL,1,MODERATE,"Define referral criteria, target department (General Surgery/GI), and urgency timeline.",SENIOR_CLINICIAN,Resolved,CONFIRMED,NONE,HIGH,DIALECT_ENGLISH
CASE-0707,Outpatient Record: Upper respiratory tract infection. Advised bed rest and oral fluids. Return to clinic on Friday if not completely resolved.,Return on Friday if unresolved,NONE,0,ROUTINE,None required,NONE,Not Required,CONFIRMED,NONE,HIGH,TRANSLATED_ENGLISH
CASE-0708,chk BP agin latr nxt wk if high,chk BP latr,NOISY_NOTE,1,ROUTINE,Noisy input detected. Clarify exact target day and target blood pressure threshold.,ROUTINE_CLINICIAN,Resolved,MODIFIED,Clinical context differs,NOISY,DIALECT_ENGLISH
CASE-0709,Severe high fever 40C with neck stiffness. Re-examine after some time.,Re-examine after some time despite high fever and stiff neck,URGENCY_AMBIGUITY,1,HIGH,Urgency Conflict: Meningeal signs require emergency escalation to hospital care immediately!,IMMEDIATE_URGENT_REVIEW,Resolved,ESCALATED,NONE,HIGH,ENGLISH_NATIVE
CASE-0710,Consultation Summary: Patient with fluctuating blood glucose levels. Someone should review the patient.,Someone should review the patient,UNCLEAR_RESPONSIBILITY,1,ROUTINE,"Who (duty doctor, community health nurse, endocrinologist) is responsible for review?",ROUTINE_CLINICIAN,Resolved,CONFIRMED,NONE,HIGH,ENGLISH_NATIVE
CASE-0711,Rural Clinic Visit Note: pt revw in few dyas or wks if pain persist,pt revw few dyas,NOISY_NOTE,1,ROUTINE,Low-confidence text. Confirm exact follow-up interval and pain management plan.,ROUTINE_CLINICIAN,Resolved,MODIFIED,False positive,NOISY,DIALECT_ENGLISH
CASE-0712,follw up aftr 3 dys if condtion worsn,follw up 3 dys,NOISY_NOTE,1,ROUTINE,Low-confidence transcription. Verify if 'follow up after 3 days if condition worsens' was intended.,ROUTINE_CLINICIAN,Resolved,MODIFIED,Already addressed,NOISY,STANDARD_ENGLISH
CASE-0713,Patient treated for gastroenteritis with oral rehydration salts. Review the patient later.,Review later,FOLLOWUP_TIME_MISSING,1,ROUTINE,When exactly should the patient return for follow-up?,ROUTINE_CLINICIAN,Resolved,CONFIRMED,NONE,HIGH,TRANSLATED_ENGLISH
CASE-0714,Iron deficiency anemia. Take ferrous sulfate tablets for a while then review.,Take tablets for a while,VAGUE_DURATION,1,ROUTINE,What is the intended treatment duration before rechecking blood count?,ROUTINE_CLINICIAN,Resolved,CONFIRMED,NONE,MEDIUM,ENGLISH_NATIVE
CASE-0715,Mild osteoarthritis of right knee. Paracetamol 1g TDS prescribed as needed for pain. Follow up in 3 weeks at clinic.,Follow up in 3 weeks,NONE,0,ROUTINE,None required,NONE,Not Required,CONFIRMED,NONE,HIGH,DIALECT_ENGLISH
CASE-0716,Iron deficiency anemia. Take ferrous sulfate tablets for a while then review.,Take tablets for a while,VAGUE_DURATION,1,ROUTINE,What is the intended treatment duration before rechecking blood count?,ROUTINE_CLINICIAN,Resolved,CONFIRMED,NONE,MEDIUM,ENGLISH_NATIVE
CASE-0717,Rural Clinic Visit Note: Patient presenting with lumbar muscle strain. Continue treatment for some time.,Continue treatment for some time,VAGUE_DURATION,1,ROUTINE,How many days or weeks should treatment be continued?,ROUTINE_CLINICIAN,Resolved,CONFIRMED,NONE,HIGH,TRANSLATED_ENGLISH
CASE-0718,Hypertension consultation. BP recorded at 135/85 mmHg. Continue daily Amlodipine 5mg. Schedule follow-up visit on 15 September.,Follow-up on 15 September,NONE,0,ROUTINE,None required,NONE,Not Required,CONFIRMED,NONE,HIGH,ENGLISH_NATIVE
CASE-0719,Post-discharge stroke rehabilitation. Patient needs to be checked regularly.,Patient needs to be checked regularly,UNCLEAR_RESPONSIBILITY,1,ROUTINE,Assign explicit staff role responsible for regular checks.,ROUTINE_CLINICIAN,Resolved,CONFIRMED,NONE,HIGH,TRANSLATED_ENGLISH
CASE-0720,Rural Clinic Visit Note: Severe high fever 40C with neck stiffness. Re-examine after some time.,Re-examine after some time despite high fever and stiff neck,URGENCY_AMBIGUITY,1,HIGH,Urgency Conflict: Meningeal signs require emergency escalation to hospital care immediately!,IMMEDIATE_URGENT_REVIEW,Resolved,ESCALATED,NONE,HIGH,STANDARD_ENGLISH
CASE-0721,Rural Clinic Visit Note: refr specist if syncp recr,refr specist,NOISY_NOTE,1,MODERATE,Noisy text. Clarify referral criteria for recurrent syncope and target specialist.,SENIOR_CLINICIAN,Resolved,MODIFIED,Specialist already contacted,NOISY,STANDARD_ENGLISH
CASE-0722,Elevated blood pressure observed. Review scheduled for 10th August.,Review scheduled 10th August,MISSING_ACTION,1,ROUTINE,Identify required clinical procedure or test prior to review.,ROUTINE_CLINICIAN,Resolved,CONFIRMED,NONE,HIGH,DIALECT_ENGLISH
CASE-0723,Patient treated for gastroenteritis with oral rehydration salts. Review the patient later.,Review later,FOLLOWUP_TIME_MISSING,1,ROUTINE,When exactly should the patient return for follow-up?,ROUTINE_CLINICIAN,Resolved,CONFIRMED,NONE,HIGH,STANDARD_ENGLISH
CASE-0724,Skin lesion showing irregular borders. Refer to expert if needed.,Refer to expert if needed,UNCLEAR_SPECIALIST_REFERRAL,1,MODERATE,"Specify Dermatology referral trigger (biopsy result, size increase) and referral priority.",SENIOR_CLINICIAN,Resolved,CONFIRMED,NONE,HIGH,STANDARD_ENGLISH
CASE-0725,Upper respiratory tract infection. Advised bed rest and oral fluids. Return to clinic on Friday if not completely resolved.,Return on Friday if unresolved,NONE,0,ROUTINE,None required,NONE,Not Required,CONFIRMED,NONE,HIGH,STANDARD_ENGLISH
CASE-0726,Post-vaccination fever and arm pain. Re-consult if patient feels unwell.,Re-consult if feels unwell,VAGUE_SYMPTOM_CONDITION,1,ROUTINE,"Clarify parameters for re-consultation (e.g., persistent fever >48 hours).",ROUTINE_CLINICIAN,Resolved,CONFIRMED,NONE,HIGH,TRANSLATED_ENGLISH
CASE-0727,Patient with chest congestion. Review tomorrow. Follow-up after two weeks.,Review tomorrow and after 2 weeks,CONTRADICTORY_TIMING,1,MODERATE,Resolve conflict: Is immediate review needed tomorrow or routine follow-up in 2 weeks?,ROUTINE_CLINICIAN,Resolved,CONFIRMED,NONE,HIGH,DIALECT_ENGLISH
CASE-0728,Post-op wound check day 7. Wound healing cleanly with no signs of infection. Sutures removed. Next checkup in 10 days.,Checkup in 10 days,NONE,0,ROUTINE,None required,NONE,Not Required,CONFIRMED,NONE,HIGH,TRANSLATED_ENGLISH
CASE-0729,Complex wound dressing. The health worker ought to monitor wound site.,Health worker ought to monitor,UNCLEAR_RESPONSIBILITY,1,ROUTINE,Designate named healthcare provider or specific clinic role for monitoring.,ROUTINE_CLINICIAN,Resolved,CONFIRMED,NONE,HIGH,TRANSLATED_ENGLISH
CASE-0730,Rural Clinic Visit Note: Patient started on antihypertensive therapy. Come back if symptoms get worse.,Come back if symptoms get worse,VAGUE_SYMPTOM_CONDITION,1,ROUTINE,What specific red-flag symptoms or BP thresholds define 'worse'?,ROUTINE_CLINICIAN,Resolved,CONFIRMED,NONE,HIGH,ENGLISH_NATIVE
CASE-0731,Type 2 diabetes routine check. HbA1c 7.2%. Continue Metformin 500mg BD. Re-check blood fasting sugar on Monday morning.,Fasting sugar recheck Monday,NONE,0,ROUTINE,None required,NONE,Not Required,CONFIRMED,NONE,HIGH,TRANSLATED_ENGLISH
CASE-0732,Post-op wound check day 7. Wound healing cleanly with no signs of infection. Sutures removed. Next checkup in 10 days.,Checkup in 10 days,NONE,0,ROUTINE,None required,NONE,Not Required,CONFIRMED,NONE,HIGH,STANDARD_ENGLISH
CASE-0733,Conjunctivitis treated with antibiotic drops. Return if eyes look bad.,Return if eyes look bad,VAGUE_SYMPTOM_CONDITION,1,ROUTINE,"Define clinical indicators (increased discharge, vision change, severe pain).",ROUTINE_CLINICIAN,Resolved,CONFIRMED,NONE,HIGH,STANDARD_ENGLISH
CASE-0734,Outpatient Record: Patient has worsening breathing difficulty. Review later.,Review later despite worsening dyspnea,URGENCY_AMBIGUITY,1,HIGH,Urgency Conflict: Severe respiratory symptom combined with delayed review. Immediate clinical evaluation required!,IMMEDIATE_URGENT_REVIEW,Resolved,ESCALATED,NONE,HIGH,STANDARD_ENGLISH
CASE-0735,,,MISSING_NOTE,1,ROUTINE,Clinical note is completely empty. Manual clinical review required before patient departure.,MANUAL_REVIEW,Resolved,REJECTED,Recommendation not applicable,EMPTY,STANDARD_ENGLISH
CASE-0736,Elevated blood pressure observed. Review scheduled for 10th August.,Review scheduled 10th August,MISSING_ACTION,1,ROUTINE,Identify required clinical procedure or test prior to review.,ROUTINE_CLINICIAN,Resolved,CONFIRMED,NONE,HIGH,TRANSLATED_ENGLISH
CASE-0737,Upper respiratory tract infection. Advised bed rest and oral fluids. Return to clinic on Friday if not completely resolved.,Return on Friday if unresolved,NONE,0,ROUTINE,None required,NONE,Not Required,CONFIRMED,NONE,HIGH,STANDARD_ENGLISH
CASE-0738,Hypertension consultation. BP recorded at 135/85 mmHg. Continue daily Amlodipine 5mg. Schedule follow-up visit on 15 September.,Follow-up on 15 September,NONE,0,ROUTINE,None required,NONE,Not Required,CONFIRMED,NONE,HIGH,TRANSLATED_ENGLISH
CASE-0739,Patient started on antihypertensive therapy. Come back if symptoms get worse.,Come back if symptoms get worse,VAGUE_SYMPTOM_CONDITION,1,ROUTINE,What specific red-flag symptoms or BP thresholds define 'worse'?,ROUTINE_CLINICIAN,Resolved,CONFIRMED,NONE,HIGH,DIALECT_ENGLISH
CASE-0740,Patient with chest congestion. Review tomorrow. Follow-up after two weeks.,Review tomorrow and after 2 weeks,CONTRADICTORY_TIMING,1,MODERATE,Resolve conflict: Is immediate review needed tomorrow or routine follow-up in 2 weeks?,ROUTINE_CLINICIAN,Resolved,CONFIRMED,NONE,HIGH,TRANSLATED_ENGLISH
CASE-0741,Patient consultation for chronic back pain. Follow-up in one week.,Follow-up in one week,MISSING_ACTION,1,ROUTINE,"What specific action (BP check, lab test, medication review) is required at follow-up?",ROUTINE_CLINICIAN,Resolved,CONFIRMED,NONE,HIGH,TRANSLATED_ENGLISH
CASE-0742,Post-op wound check day 7. Wound healing cleanly with no signs of infection. Sutures removed. Next checkup in 10 days.,Checkup in 10 days,NONE,0,ROUTINE,None required,NONE,Not Required,CONFIRMED,NONE,HIGH,STANDARD_ENGLISH
CASE-0743,Patient treated for gastroenteritis with oral rehydration salts. Review the patient later.,Review later,FOLLOWUP_TIME_MISSING,1,ROUTINE,When exactly should the patient return for follow-up?,ROUTINE_CLINICIAN,Resolved,CONFIRMED,NONE,HIGH,STANDARD_ENGLISH
CASE-0744,Patient treated for gastroenteritis with oral rehydration salts. Review the patient later.,Review later,FOLLOWUP_TIME_MISSING,1,ROUTINE,When exactly should the patient return for follow-up?,ROUTINE_CLINICIAN,Resolved,CONFIRMED,NONE,HIGH,DIALECT_ENGLISH
CASE-0745,,,MISSING_NOTE,1,ROUTINE,Clinical note is completely empty. Manual clinical review required before patient departure.,MANUAL_REVIEW,Resolved,REJECTED,Other,EMPTY,DIALECT_ENGLISH
CASE-0746,"Minor head injury evaluated, CT normal. Patient advised to return for follow-up after some time.",Follow-up after some time,FOLLOWUP_TIME_MISSING,1,ROUTINE,What exact date or number of days should be used for follow-up?,ROUTINE_CLINICIAN,Resolved,CONFIRMED,NONE,HIGH,DIALECT_ENGLISH
CASE-0747,refr specist if syncp recr,refr specist,NOISY_NOTE,1,MODERATE,Noisy text. Clarify referral criteria for recurrent syncope and target specialist.,SENIOR_CLINICIAN,Resolved,MODIFIED,Recommendation not applicable,NOISY,TRANSLATED_ENGLISH
CASE-0748,Upper respiratory tract infection. Advised bed rest and oral fluids. Return to clinic on Friday if not completely resolved.,Return on Friday if unresolved,NONE,0,ROUTINE,None required,NONE,Not Required,CONFIRMED,NONE,HIGH,STANDARD_ENGLISH
CASE-0749,Hypertension follow-up. Repeat BP check in 24 hours. Schedule follow-up in 6 weeks.,Repeat BP in 24h and 6 weeks,CONTRADICTORY_TIMING,1,ROUTINE,Clarify if 24-hour ambulatory check or 6-week routine visit is intended.,ROUTINE_CLINICIAN,Resolved,CONFIRMED,NONE,HIGH,STANDARD_ENGLISH
CASE-0750,Acute chest pressure with radiation to left arm noted. Return if convenient.,Return if convenient despite acute chest pain,URGENCY_AMBIGUITY,1,HIGH,Urgency Conflict: Potential cardiac event with vague follow-up. Immediate emergency assessment required!,IMMEDIATE_URGENT_REVIEW,Resolved,ESCALATED,NONE,HIGH,TRANSLATED_ENGLISH
CASE-0751,Rural Clinic Visit Note: Type 2 diabetes routine check. HbA1c 7.2%. Continue Metformin 500mg BD. Re-check blood fasting sugar on Monday morning.,Fasting sugar recheck Monday,NONE,0,ROUTINE,None required,NONE,Not Required,CONFIRMED,NONE,HIGH,TRANSLATED_ENGLISH
CASE-0752,Upper respiratory tract infection. Advised bed rest and oral fluids. Return to clinic on Friday if not completely resolved.,Return on Friday if unresolved,NONE,0,ROUTINE,None required,NONE,Not Required,CONFIRMED,NONE,HIGH,DIALECT_ENGLISH
CASE-0753,Post-op wound check day 7. Wound healing cleanly with no signs of infection. Sutures removed. Next checkup in 10 days.,Checkup in 10 days,NONE,0,ROUTINE,None required,NONE,Not Required,CONFIRMED,NONE,HIGH,STANDARD_ENGLISH
CASE-0754,"Child presenting with lethargy, high grade fever and vomiting. Check tomorrow if worsens.",Check tomorrow despite severe pediatric lethargy,URGENCY_AMBIGUITY,1,HIGH,Urgency Conflict: Pediatric red-flag symptoms require urgent emergency triage!,IMMEDIATE_URGENT_REVIEW,Resolved,ESCALATED,NONE,HIGH,ENGLISH_NATIVE
CASE-0755,Allergic dermatitis treated with antihistamines. Return to clinic at a convenient time.,Return at convenient time,FOLLOWUP_TIME_MISSING,1,ROUTINE,Define a specific follow-up target date for clinic visit.,ROUTINE_CLINICIAN,Resolved,MODIFIED,False positive,HIGH,TRANSLATED_ENGLISH
CASE-0756,Mild bronchitis. Take cough syrup. Return to clinic if condition deteriorates.,Return if condition deteriorates,VAGUE_SYMPTOM_CONDITION,1,MODERATE,"Which specific signs (fever >38.5C, severe shortness of breath) constitute deterioration?",ROUTINE_CLINICIAN,Resolved,CONFIRMED,NONE,HIGH,ENGLISH_NATIVE
CASE-0757,Mild osteoarthritis of right knee. Paracetamol 1g TDS prescribed as needed for pain. Follow up in 3 weeks at clinic.,Follow up in 3 weeks,NONE,0,ROUTINE,None required,NONE,Not Required,CONFIRMED,NONE,HIGH,DIALECT_ENGLISH
CASE-0758,Post-discharge stroke rehabilitation. Patient needs to be checked regularly.,Patient needs to be checked regularly,UNCLEAR_RESPONSIBILITY,1,ROUTINE,Assign explicit staff role responsible for regular checks.,ROUTINE_CLINICIAN,Resolved,CONFIRMED,NONE,HIGH,ENGLISH_NATIVE
CASE-0759,Persistent abdominal pain suspicious for gallstones. Consult specialist when appropriate.,Consult specialist when appropriate,UNCLEAR_SPECIALIST_REFERRAL,1,MODERATE,"Define referral criteria, target department (General Surgery/GI), and urgency timeline.",SENIOR_CLINICIAN,Resolved,CONFIRMED,NONE,HIGH,ENGLISH_NATIVE
CASE-0760,Type 2 diabetes routine check. HbA1c 7.2%. Continue Metformin 500mg BD. Re-check blood fasting sugar on Monday morning.,Fasting sugar recheck Monday,NONE,0,ROUTINE,None required,NONE,Not Required,CONFIRMED,NONE,HIGH,DIALECT_ENGLISH
CASE-0761,   ,N/A,MISSING_NOTE,1,ROUTINE,Clinical note contains only whitespace. Manual clinical review required.,MANUAL_REVIEW,Resolved,REJECTED,Patient preference,EMPTY,ENGLISH_NATIVE
CASE-0762,Outpatient Record: Mild osteoarthritis of right knee. Paracetamol 1g TDS prescribed as needed for pain. Follow up in 3 weeks at clinic.,Follow up in 3 weeks,NONE,0,ROUTINE,None required,NONE,Not Required,CONFIRMED,NONE,HIGH,ENGLISH_NATIVE
CASE-0763,Post-vaccination fever and arm pain. Re-consult if patient feels unwell.,Re-consult if feels unwell,VAGUE_SYMPTOM_CONDITION,1,ROUTINE,"Clarify parameters for re-consultation (e.g., persistent fever >48 hours).",ROUTINE_CLINICIAN,Resolved,CONFIRMED,NONE,HIGH,DIALECT_ENGLISH
CASE-0764,refr specist if syncp recr,refr specist,NOISY_NOTE,1,MODERATE,Noisy text. Clarify referral criteria for recurrent syncope and target specialist.,SENIOR_CLINICIAN,Resolved,MODIFIED,Resource unavailable,NOISY,TRANSLATED_ENGLISH
CASE-0765,,,MISSING_NOTE,1,ROUTINE,Clinical note is completely empty. Manual clinical review required before patient departure.,MANUAL_REVIEW,Resolved,REJECTED,Already addressed,EMPTY,TRANSLATED_ENGLISH
CASE-0766,Outpatient Record: Mild osteoarthritis of right knee. Paracetamol 1g TDS prescribed as needed for pain. Follow up in 3 weeks at clinic.,Follow up in 3 weeks,NONE,0,ROUTINE,None required,NONE,Not Required,CONFIRMED,NONE,HIGH,ENGLISH_NATIVE
CASE-0767,Post-operative suture care. Come back in 3 days. Return to clinic next month.,Come back in 3 days and next month,CONTRADICTORY_TIMING,1,ROUTINE,Confirm whether suture removal is at day 3 or 30 days.,ROUTINE_CLINICIAN,Resolved,CONFIRMED,NONE,HIGH,DIALECT_ENGLISH
CASE-0768,Nurse Triage Note: Type 2 diabetes routine check. HbA1c 7.2%. Continue Metformin 500mg BD. Re-check blood fasting sugar on Monday morning.,Fasting sugar recheck Monday,NONE,0,ROUTINE,None required,NONE,Not Required,CONFIRMED,NONE,HIGH,STANDARD_ENGLISH
CASE-0769,,,MISSING_NOTE,1,ROUTINE,Clinical note is completely empty. Manual clinical review required before patient departure.,MANUAL_REVIEW,Resolved,REJECTED,False positive,EMPTY,ENGLISH_NATIVE
CASE-0770,Patient with chest congestion. Review tomorrow. Follow-up after two weeks.,Review tomorrow and after 2 weeks,CONTRADICTORY_TIMING,1,MODERATE,Resolve conflict: Is immediate review needed tomorrow or routine follow-up in 2 weeks?,ROUTINE_CLINICIAN,Resolved,CONFIRMED,NONE,HIGH,TRANSLATED_ENGLISH
CASE-0771,Outpatient Record: Skin lesion showing irregular borders. Refer to expert if needed.,Refer to expert if needed,UNCLEAR_SPECIALIST_REFERRAL,1,MODERATE,"Specify Dermatology referral trigger (biopsy result, size increase) and referral priority.",SENIOR_CLINICIAN,Resolved,CONFIRMED,NONE,HIGH,ENGLISH_NATIVE
CASE-0772,Acute chest pressure with radiation to left arm noted. Return if convenient.,Return if convenient despite acute chest pain,URGENCY_AMBIGUITY,1,HIGH,Urgency Conflict: Potential cardiac event with vague follow-up. Immediate emergency assessment required!,IMMEDIATE_URGENT_REVIEW,Resolved,ESCALATED,NONE,HIGH,DIALECT_ENGLISH
CASE-0773,,,MISSING_NOTE,1,ROUTINE,Clinical note is completely empty. Manual clinical review required before patient departure.,MANUAL_REVIEW,Resolved,REJECTED,Patient preference,EMPTY,DIALECT_ENGLISH
CASE-0774,Fungal skin infection on forearm. Apply anti-fungal ointment for a couple of days.,Apply ointment for a couple of days,VAGUE_DURATION,1,ROUTINE,"Specify exact duration of ointment application (e.g., 7 or 14 days).",ROUTINE_CLINICIAN,Resolved,CONFIRMED,NONE,HIGH,STANDARD_ENGLISH
CASE-0775,Post-discharge stroke rehabilitation. Patient needs to be checked regularly.,Patient needs to be checked regularly,UNCLEAR_RESPONSIBILITY,1,ROUTINE,Assign explicit staff role responsible for regular checks.,ROUTINE_CLINICIAN,Resolved,CONFIRMED,NONE,HIGH,ENGLISH_NATIVE
CASE-0776,Outpatient Record: Upper respiratory tract infection. Advised bed rest and oral fluids. Return to clinic on Friday if not completely resolved.,Return on Friday if unresolved,NONE,0,ROUTINE,None required,NONE,Not Required,CONFIRMED,NONE,HIGH,TRANSLATED_ENGLISH
CASE-0777,Outpatient Record: Patient started on antihypertensive therapy. Come back if symptoms get worse.,Come back if symptoms get worse,VAGUE_SYMPTOM_CONDITION,1,ROUTINE,What specific red-flag symptoms or BP thresholds define 'worse'?,ROUTINE_CLINICIAN,Resolved,CONFIRMED,NONE,HIGH,STANDARD_ENGLISH
CASE-0778,chk BP agin latr nxt wk if high,chk BP latr,NOISY_NOTE,1,ROUTINE,Noisy input detected. Clarify exact target day and target blood pressure threshold.,ROUTINE_CLINICIAN,Resolved,MODIFIED,Recommendation not applicable,NOISY,STANDARD_ENGLISH
CASE-0779,Consultation Summary: Skin lesion showing irregular borders. Refer to expert if needed.,Refer to expert if needed,UNCLEAR_SPECIALIST_REFERRAL,1,MODERATE,"Specify Dermatology referral trigger (biopsy result, size increase) and referral priority.",SENIOR_CLINICIAN,Resolved,CONFIRMED,NONE,HIGH,STANDARD_ENGLISH
CASE-0780,Conjunctivitis treated with antibiotic drops. Return if eyes look bad.,Return if eyes look bad,VAGUE_SYMPTOM_CONDITION,1,ROUTINE,"Define clinical indicators (increased discharge, vision change, severe pain).",ROUTINE_CLINICIAN,Resolved,CONFIRMED,NONE,HIGH,TRANSLATED_ENGLISH
CASE-0781,Hypertension consultation. BP recorded at 135/85 mmHg. Continue daily Amlodipine 5mg. Schedule follow-up visit on 15 September.,Follow-up on 15 September,NONE,0,ROUTINE,None required,NONE,Not Required,CONFIRMED,NONE,HIGH,DIALECT_ENGLISH
CASE-0782,Post-operative suture care. Come back in 3 days. Return to clinic next month.,Come back in 3 days and next month,CONTRADICTORY_TIMING,1,ROUTINE,Confirm whether suture removal is at day 3 or 30 days.,ROUTINE_CLINICIAN,Resolved,CONFIRMED,NONE,HIGH,TRANSLATED_ENGLISH
CASE-0783,Patient treated for gastroenteritis with oral rehydration salts. Review the patient later.,Review later,FOLLOWUP_TIME_MISSING,1,ROUTINE,When exactly should the patient return for follow-up?,ROUTINE_CLINICIAN,Resolved,CONFIRMED,NONE,HIGH,TRANSLATED_ENGLISH
CASE-0784,pt revw in few dyas or wks if pain persist,pt revw few dyas,NOISY_NOTE,1,ROUTINE,Low-confidence text. Confirm exact follow-up interval and pain management plan.,ROUTINE_CLINICIAN,Resolved,MODIFIED,Recommendation not applicable,NOISY,TRANSLATED_ENGLISH
CASE-0785,Outpatient Record: Mild gastritis symptoms. Continue PPI medication as long as needed.,Continue PPI as long as needed,VAGUE_DURATION,1,ROUTINE,Define maximum treatment duration and clear review threshold.,ROUTINE_CLINICIAN,Resolved,CONFIRMED,NONE,HIGH,STANDARD_ENGLISH
CASE-0786,Skin lesion showing irregular borders. Refer to expert if needed.,Refer to expert if needed,UNCLEAR_SPECIALIST_REFERRAL,1,MODERATE,"Specify Dermatology referral trigger (biopsy result, size increase) and referral priority.",SENIOR_CLINICIAN,Resolved,CONFIRMED,NONE,HIGH,TRANSLATED_ENGLISH
CASE-0787,Post-operative suture care. Come back in 3 days. Return to clinic next month.,Come back in 3 days and next month,CONTRADICTORY_TIMING,1,ROUTINE,Confirm whether suture removal is at day 3 or 30 days.,ROUTINE_CLINICIAN,Resolved,CONFIRMED,NONE,HIGH,STANDARD_ENGLISH
CASE-0788,Patient started on antihypertensive therapy. Come back if symptoms get worse.,Come back if symptoms get worse,VAGUE_SYMPTOM_CONDITION,1,ROUTINE,What specific red-flag symptoms or BP thresholds define 'worse'?,ROUTINE_CLINICIAN,Resolved,CONFIRMED,NONE,HIGH,ENGLISH_NATIVE
CASE-0789,Elevated blood pressure observed. Review scheduled for 10th August.,Review scheduled 10th August,MISSING_ACTION,1,ROUTINE,Identify required clinical procedure or test prior to review.,ROUTINE_CLINICIAN,Resolved,CONFIRMED,NONE,HIGH,ENGLISH_NATIVE
CASE-0790,Complex wound dressing. The health worker ought to monitor wound site.,Health worker ought to monitor,UNCLEAR_RESPONSIBILITY,1,ROUTINE,Designate named healthcare provider or specific clinic role for monitoring.,ROUTINE_CLINICIAN,Resolved,CONFIRMED,NONE,HIGH,STANDARD_ENGLISH
CASE-0791,Patient started on antihypertensive therapy. Come back if symptoms get worse.,Come back if symptoms get worse,VAGUE_SYMPTOM_CONDITION,1,ROUTINE,What specific red-flag symptoms or BP thresholds define 'worse'?,ROUTINE_CLINICIAN,Resolved,CONFIRMED,NONE,HIGH,DIALECT_ENGLISH
CASE-0792,Outpatient Record: Patient diagnosed with acute pharyngitis. Amoxicillin 500mg prescribed for 7 days. Return to clinic in 5 days for review.,Review in 5 days,NONE,0,ROUTINE,None required,NONE,Not Required,CONFIRMED,NONE,HIGH,STANDARD_ENGLISH
CASE-0793,Pediatric fever settled. See nurse next Monday.,See nurse next Monday,MISSING_ACTION,1,ROUTINE,"Specify the action needed (growth monitoring, repeat temperature check, vaccination).",ROUTINE_CLINICIAN,Resolved,CONFIRMED,NONE,HIGH,TRANSLATED_ENGLISH
CASE-0794,Rural Clinic Visit Note: Post-discharge stroke rehabilitation. Patient needs to be checked regularly.,Patient needs to be checked regularly,UNCLEAR_RESPONSIBILITY,1,ROUTINE,Assign explicit staff role responsible for regular checks.,ROUTINE_CLINICIAN,Resolved,CONFIRMED,NONE,HIGH,STANDARD_ENGLISH
CASE-0795,follw up aftr 3 dys if condtion worsn,follw up 3 dys,NOISY_NOTE,1,ROUTINE,Low-confidence transcription. Verify if 'follow up after 3 days if condition worsens' was intended.,ROUTINE_CLINICIAN,Resolved,MODIFIED,Already addressed,NOISY,STANDARD_ENGLISH
CASE-0796,,,MISSING_NOTE,1,ROUTINE,Clinical note is completely empty. Manual clinical review required before patient departure.,MANUAL_REVIEW,Resolved,REJECTED,Resource unavailable,EMPTY,DIALECT_ENGLISH
CASE-0797,Patient started on thyroid supplement. Review in 5 days. Return after 3 months for blood test.,Review in 5 days and 3 months,CONTRADICTORY_TIMING,1,ROUTINE,Reconcile short-term review with 3-month blood test schedule.,ROUTINE_CLINICIAN,Resolved,CONFIRMED,NONE,HIGH,STANDARD_ENGLISH
CASE-0798,,,MISSING_NOTE,1,ROUTINE,Clinical note is completely empty. Manual clinical review required before patient departure.,MANUAL_REVIEW,Resolved,REJECTED,Clinical context differs,EMPTY,TRANSLATED_ENGLISH
CASE-0799,   ,N/A,MISSING_NOTE,1,ROUTINE,Clinical note contains only whitespace. Manual clinical review required.,MANUAL_REVIEW,Resolved,REJECTED,Clinical context differs,EMPTY,DIALECT_ENGLISH
CASE-0800,Suspected glaucoma with elevated intraocular pressure. Refer to specialist if necessary.,Refer to specialist if necessary,UNCLEAR_SPECIALIST_REFERRAL,1,MODERATE,Which specialist department (Ophthalmology) and under what exact criteria?,SENIOR_CLINICIAN,Resolved,CONFIRMED,NONE,HIGH,ENGLISH_NATIVE
CASE-0801,Patient diagnosed with acute pharyngitis. Amoxicillin 500mg prescribed for 7 days. Return to clinic in 5 days for review.,Review in 5 days,NONE,0,ROUTINE,None required,NONE,Not Required,CONFIRMED,NONE,HIGH,TRANSLATED_ENGLISH
CASE-0802,Outpatient Record: Iron deficiency anemia. Take ferrous sulfate tablets for a while then review.,Take tablets for a while,VAGUE_DURATION,1,ROUTINE,What is the intended treatment duration before rechecking blood count?,ROUTINE_CLINICIAN,Resolved,CONFIRMED,NONE,MEDIUM,ENGLISH_NATIVE
CASE-0803,,,MISSING_NOTE,1,ROUTINE,Clinical note is completely empty. Manual clinical review required before patient departure.,MANUAL_REVIEW,Resolved,REJECTED,Clinical context differs,EMPTY,ENGLISH_NATIVE
CASE-0804,Post-operative suture care. Come back in 3 days. Return to clinic next month.,Come back in 3 days and next month,CONTRADICTORY_TIMING,1,ROUTINE,Confirm whether suture removal is at day 3 or 30 days.,ROUTINE_CLINICIAN,Resolved,CONFIRMED,NONE,HIGH,STANDARD_ENGLISH
CASE-0805,   ,N/A,MISSING_NOTE,1,ROUTINE,Clinical note contains only whitespace. Manual clinical review required.,MANUAL_REVIEW,Resolved,REJECTED,Specialist already contacted,EMPTY,DIALECT_ENGLISH
CASE-0806,Patient with chest congestion. Review tomorrow. Follow-up after two weeks.,Review tomorrow and after 2 weeks,CONTRADICTORY_TIMING,1,MODERATE,Resolve conflict: Is immediate review needed tomorrow or routine follow-up in 2 weeks?,ROUTINE_CLINICIAN,Resolved,CONFIRMED,NONE,HIGH,TRANSLATED_ENGLISH
CASE-0807,Suspected glaucoma with elevated intraocular pressure. Refer to specialist if necessary.,Refer to specialist if necessary,UNCLEAR_SPECIALIST_REFERRAL,1,MODERATE,Which specialist department (Ophthalmology) and under what exact criteria?,SENIOR_CLINICIAN,Resolved,CONFIRMED,NONE,HIGH,ENGLISH_NATIVE
CASE-0808,Consultation Summary: Type 2 diabetes routine check. HbA1c 7.2%. Continue Metformin 500mg BD. Re-check blood fasting sugar on Monday morning.,Fasting sugar recheck Monday,NONE,0,ROUTINE,None required,NONE,Not Required,CONFIRMED,NONE,HIGH,DIALECT_ENGLISH
CASE-0809,Skin lesion showing irregular borders. Refer to expert if needed.,Refer to expert if needed,UNCLEAR_SPECIALIST_REFERRAL,1,MODERATE,"Specify Dermatology referral trigger (biopsy result, size increase) and referral priority.",SENIOR_CLINICIAN,Resolved,CONFIRMED,NONE,HIGH,ENGLISH_NATIVE
CASE-0810,Persistent abdominal pain suspicious for gallstones. Consult specialist when appropriate.,Consult specialist when appropriate,UNCLEAR_SPECIALIST_REFERRAL,1,MODERATE,"Define referral criteria, target department (General Surgery/GI), and urgency timeline.",SENIOR_CLINICIAN,Resolved,CONFIRMED,NONE,HIGH,ENGLISH_NATIVE
CASE-0811,Hypertension consultation. BP recorded at 135/85 mmHg. Continue daily Amlodipine 5mg. Schedule follow-up visit on 15 September.,Follow-up on 15 September,NONE,0,ROUTINE,None required,NONE,Not Required,CONFIRMED,NONE,HIGH,TRANSLATED_ENGLISH
CASE-0812,Suspected glaucoma with elevated intraocular pressure. Refer to specialist if necessary.,Refer to specialist if necessary,UNCLEAR_SPECIALIST_REFERRAL,1,MODERATE,Which specialist department (Ophthalmology) and under what exact criteria?,SENIOR_CLINICIAN,Resolved,CONFIRMED,NONE,HIGH,DIALECT_ENGLISH
CASE-0813,"Child presenting with lethargy, high grade fever and vomiting. Check tomorrow if worsens.",Check tomorrow despite severe pediatric lethargy,URGENCY_AMBIGUITY,1,HIGH,Urgency Conflict: Pediatric red-flag symptoms require urgent emergency triage!,IMMEDIATE_URGENT_REVIEW,Resolved,ESCALATED,NONE,HIGH,DIALECT_ENGLISH
CASE-0814,Fungal skin infection on forearm. Apply anti-fungal ointment for a couple of days.,Apply ointment for a couple of days,VAGUE_DURATION,1,ROUTINE,"Specify exact duration of ointment application (e.g., 7 or 14 days).",ROUTINE_CLINICIAN,Resolved,CONFIRMED,NONE,HIGH,STANDARD_ENGLISH
CASE-0815,Rural Clinic Visit Note: Mild bronchitis. Take cough syrup. Return to clinic if condition deteriorates.,Return if condition deteriorates,VAGUE_SYMPTOM_CONDITION,1,MODERATE,"Which specific signs (fever >38.5C, severe shortness of breath) constitute deterioration?",ROUTINE_CLINICIAN,Resolved,CONFIRMED,NONE,HIGH,STANDARD_ENGLISH
CASE-0816,,,MISSING_NOTE,1,ROUTINE,Clinical note is completely empty. Manual clinical review required before patient departure.,MANUAL_REVIEW,Resolved,REJECTED,False positive,EMPTY,ENGLISH_NATIVE
CASE-0817,   ,N/A,MISSING_NOTE,1,ROUTINE,Clinical note contains only whitespace. Manual clinical review required.,MANUAL_REVIEW,Resolved,REJECTED,Other,EMPTY,ENGLISH_NATIVE
CASE-0818,Pediatric fever settled. See nurse next Monday.,See nurse next Monday,MISSING_ACTION,1,ROUTINE,"Specify the action needed (growth monitoring, repeat temperature check, vaccination).",ROUTINE_CLINICIAN,Resolved,CONFIRMED,NONE,HIGH,STANDARD_ENGLISH
CASE-0819,,,MISSING_NOTE,1,ROUTINE,Clinical note is completely empty. Manual clinical review required before patient departure.,MANUAL_REVIEW,Resolved,REJECTED,Patient preference,EMPTY,ENGLISH_NATIVE
CASE-0820,Conjunctivitis treated with antibiotic drops. Return if eyes look bad.,Return if eyes look bad,VAGUE_SYMPTOM_CONDITION,1,ROUTINE,"Define clinical indicators (increased discharge, vision change, severe pain).",ROUTINE_CLINICIAN,Resolved,CONFIRMED,NONE,HIGH,ENGLISH_NATIVE
CASE-0821,Nurse Triage Note: Severe high fever 40C with neck stiffness. Re-examine after some time.,Re-examine after some time despite high fever and stiff neck,URGENCY_AMBIGUITY,1,HIGH,Urgency Conflict: Meningeal signs require emergency escalation to hospital care immediately!,IMMEDIATE_URGENT_REVIEW,Resolved,ESCALATED,NONE,HIGH,ENGLISH_NATIVE
CASE-0822,Consultation Summary: Patient presenting with mild eczema. Hydrocortisone cream applied. Return to rural health center in 2 weeks for reassessment.,Reassessment in 2 weeks,NONE,0,ROUTINE,None required,NONE,Not Required,CONFIRMED,NONE,HIGH,DIALECT_ENGLISH
CASE-0823,Outpatient Record: Patient has worsening breathing difficulty. Review later.,Review later despite worsening dyspnea,URGENCY_AMBIGUITY,1,HIGH,Urgency Conflict: Severe respiratory symptom combined with delayed review. Immediate clinical evaluation required!,IMMEDIATE_URGENT_REVIEW,Resolved,ESCALATED,NONE,HIGH,STANDARD_ENGLISH
CASE-0824,   ,N/A,MISSING_NOTE,1,ROUTINE,Clinical note contains only whitespace. Manual clinical review required.,MANUAL_REVIEW,Resolved,REJECTED,Resource unavailable,EMPTY,ENGLISH_NATIVE
CASE-0825,Post-discharge stroke rehabilitation. Patient needs to be checked regularly.,Patient needs to be checked regularly,UNCLEAR_RESPONSIBILITY,1,ROUTINE,Assign explicit staff role responsible for regular checks.,ROUTINE_CLINICIAN,Resolved,CONFIRMED,NONE,HIGH,STANDARD_ENGLISH
CASE-0826,Patient with fluctuating blood glucose levels. Someone should review the patient.,Someone should review the patient,UNCLEAR_RESPONSIBILITY,1,ROUTINE,"Who (duty doctor, community health nurse, endocrinologist) is responsible for review?",ROUTINE_CLINICIAN,Resolved,CONFIRMED,NONE,HIGH,DIALECT_ENGLISH
CASE-0827,Persistent abdominal pain suspicious for gallstones. Consult specialist when appropriate.,Consult specialist when appropriate,UNCLEAR_SPECIALIST_REFERRAL,1,MODERATE,"Define referral criteria, target department (General Surgery/GI), and urgency timeline.",SENIOR_CLINICIAN,Resolved,CONFIRMED,NONE,HIGH,STANDARD_ENGLISH
CASE-0828,Rural Clinic Visit Note: Conjunctivitis treated with antibiotic drops. Return if eyes look bad.,Return if eyes look bad,VAGUE_SYMPTOM_CONDITION,1,ROUTINE,"Define clinical indicators (increased discharge, vision change, severe pain).",ROUTINE_CLINICIAN,Resolved,CONFIRMED,NONE,HIGH,DIALECT_ENGLISH
CASE-0829,Hypertension consultation. BP recorded at 135/85 mmHg. Continue daily Amlodipine 5mg. Schedule follow-up visit on 15 September.,Follow-up on 15 September,NONE,0,ROUTINE,None required,NONE,Not Required,CONFIRMED,NONE,HIGH,STANDARD_ENGLISH
CASE-0830,Post-discharge stroke rehabilitation. Patient needs to be checked regularly.,Patient needs to be checked regularly,UNCLEAR_RESPONSIBILITY,1,ROUTINE,Assign explicit staff role responsible for regular checks.,ROUTINE_CLINICIAN,Resolved,CONFIRMED,NONE,HIGH,TRANSLATED_ENGLISH
CASE-0831,Acute chest pressure with radiation to left arm noted. Return if convenient.,Return if convenient despite acute chest pain,URGENCY_AMBIGUITY,1,HIGH,Urgency Conflict: Potential cardiac event with vague follow-up. Immediate emergency assessment required!,IMMEDIATE_URGENT_REVIEW,Resolved,ESCALATED,NONE,HIGH,TRANSLATED_ENGLISH
CASE-0832,Patient diagnosed with acute pharyngitis. Amoxicillin 500mg prescribed for 7 days. Return to clinic in 5 days for review.,Review in 5 days,NONE,0,ROUTINE,None required,NONE,Not Required,CONFIRMED,NONE,HIGH,ENGLISH_NATIVE
CASE-0833,Type 2 diabetes routine check. HbA1c 7.2%. Continue Metformin 500mg BD. Re-check blood fasting sugar on Monday morning.,Fasting sugar recheck Monday,NONE,0,ROUTINE,None required,NONE,Not Required,CONFIRMED,NONE,HIGH,ENGLISH_NATIVE
CASE-0834,Patient presenting with mild eczema. Hydrocortisone cream applied. Return to rural health center in 2 weeks for reassessment.,Reassessment in 2 weeks,NONE,0,ROUTINE,None required,NONE,Not Required,CONFIRMED,NONE,HIGH,TRANSLATED_ENGLISH
CASE-0835,follw up aftr 3 dys if condtion worsn,follw up 3 dys,NOISY_NOTE,1,ROUTINE,Low-confidence transcription. Verify if 'follow up after 3 days if condition worsens' was intended.,ROUTINE_CLINICIAN,Resolved,MODIFIED,Resource unavailable,NOISY,STANDARD_ENGLISH
CASE-0836,Type 2 diabetes routine check. HbA1c 7.2%. Continue Metformin 500mg BD. Re-check blood fasting sugar on Monday morning.,Fasting sugar recheck Monday,NONE,0,ROUTINE,None required,NONE,Not Required,CONFIRMED,NONE,HIGH,TRANSLATED_ENGLISH
CASE-0837,Upper respiratory tract infection. Advised bed rest and oral fluids. Return to clinic on Friday if not completely resolved.,Return on Friday if unresolved,NONE,0,ROUTINE,None required,NONE,Not Required,CONFIRMED,NONE,HIGH,ENGLISH_NATIVE
CASE-0838,Outpatient Record: Post-vaccination fever and arm pain. Re-consult if patient feels unwell.,Re-consult if feels unwell,VAGUE_SYMPTOM_CONDITION,1,ROUTINE,"Clarify parameters for re-consultation (e.g., persistent fever >48 hours).",ROUTINE_CLINICIAN,Resolved,CONFIRMED,NONE,HIGH,TRANSLATED_ENGLISH
CASE-0839,Fungal skin infection on forearm. Apply anti-fungal ointment for a couple of days.,Apply ointment for a couple of days,VAGUE_DURATION,1,ROUTINE,"Specify exact duration of ointment application (e.g., 7 or 14 days).",ROUTINE_CLINICIAN,Resolved,CONFIRMED,NONE,HIGH,ENGLISH_NATIVE
CASE-0840,Hypertension consultation. BP recorded at 135/85 mmHg. Continue daily Amlodipine 5mg. Schedule follow-up visit on 15 September.,Follow-up on 15 September,NONE,0,ROUTINE,None required,NONE,Not Required,CONFIRMED,NONE,HIGH,TRANSLATED_ENGLISH
CASE-0841,follw up aftr 3 dys if condtion worsn,follw up 3 dys,NOISY_NOTE,1,ROUTINE,Low-confidence transcription. Verify if 'follow up after 3 days if condition worsens' was intended.,ROUTINE_CLINICIAN,Resolved,MODIFIED,Already addressed,NOISY,STANDARD_ENGLISH
CASE-0842,Mild osteoarthritis of right knee. Paracetamol 1g TDS prescribed as needed for pain. Follow up in 3 weeks at clinic.,Follow up in 3 weeks,NONE,0,ROUTINE,None required,NONE,Not Required,CONFIRMED,NONE,HIGH,STANDARD_ENGLISH
CASE-0843,Complex wound dressing. The health worker ought to monitor wound site.,Health worker ought to monitor,UNCLEAR_RESPONSIBILITY,1,ROUTINE,Designate named healthcare provider or specific clinic role for monitoring.,ROUTINE_CLINICIAN,Resolved,CONFIRMED,NONE,HIGH,STANDARD_ENGLISH
CASE-0844,Patient with fluctuating blood glucose levels. Someone should review the patient.,Someone should review the patient,UNCLEAR_RESPONSIBILITY,1,ROUTINE,"Who (duty doctor, community health nurse, endocrinologist) is responsible for review?",ROUTINE_CLINICIAN,Resolved,CONFIRMED,NONE,HIGH,TRANSLATED_ENGLISH
CASE-0845,Post-discharge stroke rehabilitation. Patient needs to be checked regularly.,Patient needs to be checked regularly,UNCLEAR_RESPONSIBILITY,1,ROUTINE,Assign explicit staff role responsible for regular checks.,ROUTINE_CLINICIAN,Resolved,CONFIRMED,NONE,HIGH,STANDARD_ENGLISH
CASE-0846,Patient started on thyroid supplement. Review in 5 days. Return after 3 months for blood test.,Review in 5 days and 3 months,CONTRADICTORY_TIMING,1,ROUTINE,Reconcile short-term review with 3-month blood test schedule.,ROUTINE_CLINICIAN,Resolved,CONFIRMED,NONE,HIGH,STANDARD_ENGLISH
CASE-0847,   ,N/A,MISSING_NOTE,1,ROUTINE,Clinical note contains only whitespace. Manual clinical review required.,MANUAL_REVIEW,Resolved,REJECTED,Resource unavailable,EMPTY,ENGLISH_NATIVE
CASE-0848,Mild osteoarthritis of right knee. Paracetamol 1g TDS prescribed as needed for pain. Follow up in 3 weeks at clinic.,Follow up in 3 weeks,NONE,0,ROUTINE,None required,NONE,Not Required,CONFIRMED,NONE,HIGH,STANDARD_ENGLISH
CASE-0849,Outpatient Record: Complex wound dressing. The health worker ought to monitor wound site.,Health worker ought to monitor,UNCLEAR_RESPONSIBILITY,1,ROUTINE,Designate named healthcare provider or specific clinic role for monitoring.,ROUTINE_CLINICIAN,Resolved,CONFIRMED,NONE,HIGH,TRANSLATED_ENGLISH
CASE-0850,Conjunctivitis treated with antibiotic drops. Return if eyes look bad.,Return if eyes look bad,VAGUE_SYMPTOM_CONDITION,1,ROUTINE,"Define clinical indicators (increased discharge, vision change, severe pain).",ROUTINE_CLINICIAN,Resolved,CONFIRMED,NONE,HIGH,DIALECT_ENGLISH
CASE-0851,   ,N/A,MISSING_NOTE,1,ROUTINE,Clinical note contains only whitespace. Manual clinical review required.,MANUAL_REVIEW,Resolved,REJECTED,Recommendation not applicable,EMPTY,DIALECT_ENGLISH
CASE-0852,Patient with fluctuating blood glucose levels. Someone should review the patient.,Someone should review the patient,UNCLEAR_RESPONSIBILITY,1,ROUTINE,"Who (duty doctor, community health nurse, endocrinologist) is responsible for review?",ROUTINE_CLINICIAN,Resolved,CONFIRMED,NONE,HIGH,TRANSLATED_ENGLISH
CASE-0853,Type 2 diabetes routine check. HbA1c 7.2%. Continue Metformin 500mg BD. Re-check blood fasting sugar on Monday morning.,Fasting sugar recheck Monday,NONE,0,ROUTINE,None required,NONE,Not Required,CONFIRMED,NONE,HIGH,DIALECT_ENGLISH
CASE-0854,chk BP agin latr nxt wk if high,chk BP latr,NOISY_NOTE,1,ROUTINE,Noisy input detected. Clarify exact target day and target blood pressure threshold.,ROUTINE_CLINICIAN,Resolved,MODIFIED,False positive,NOISY,ENGLISH_NATIVE
CASE-0855,Fungal skin infection on forearm. Apply anti-fungal ointment for a couple of days.,Apply ointment for a couple of days,VAGUE_DURATION,1,ROUTINE,"Specify exact duration of ointment application (e.g., 7 or 14 days).",ROUTINE_CLINICIAN,Resolved,CONFIRMED,NONE,HIGH,ENGLISH_NATIVE
CASE-0856,Type 2 diabetes routine check. HbA1c 7.2%. Continue Metformin 500mg BD. Re-check blood fasting sugar on Monday morning.,Fasting sugar recheck Monday,NONE,0,ROUTINE,None required,NONE,Not Required,CONFIRMED,NONE,HIGH,DIALECT_ENGLISH
CASE-0857,Rural Clinic Visit Note: follw up aftr 3 dys if condtion worsn,follw up 3 dys,NOISY_NOTE,1,ROUTINE,Low-confidence transcription. Verify if 'follow up after 3 days if condition worsens' was intended.,ROUTINE_CLINICIAN,Resolved,MODIFIED,Specialist already contacted,NOISY,ENGLISH_NATIVE
CASE-0858,Outpatient Record: refr specist if syncp recr,refr specist,NOISY_NOTE,1,MODERATE,Noisy text. Clarify referral criteria for recurrent syncope and target specialist.,SENIOR_CLINICIAN,Resolved,MODIFIED,Patient preference,NOISY,DIALECT_ENGLISH
CASE-0859,Patient diagnosed with acute pharyngitis. Amoxicillin 500mg prescribed for 7 days. Return to clinic in 5 days for review.,Review in 5 days,NONE,0,ROUTINE,None required,NONE,Not Required,CONFIRMED,NONE,HIGH,TRANSLATED_ENGLISH
CASE-0860,   ,N/A,MISSING_NOTE,1,ROUTINE,Clinical note contains only whitespace. Manual clinical review required.,MANUAL_REVIEW,Resolved,REJECTED,Already addressed,EMPTY,ENGLISH_NATIVE
CASE-0861,Patient has worsening breathing difficulty. Review later.,Review later despite worsening dyspnea,URGENCY_AMBIGUITY,1,HIGH,Urgency Conflict: Severe respiratory symptom combined with delayed review. Immediate clinical evaluation required!,IMMEDIATE_URGENT_REVIEW,Resolved,ESCALATED,NONE,HIGH,DIALECT_ENGLISH
CASE-0862,Upper respiratory tract infection. Advised bed rest and oral fluids. Return to clinic on Friday if not completely resolved.,Return on Friday if unresolved,NONE,0,ROUTINE,None required,NONE,Not Required,CONFIRMED,NONE,HIGH,ENGLISH_NATIVE
CASE-0863,Rural Clinic Visit Note: Asthma exacerbation resolved after nebulization. Continue inhaler and come back soon.,Come back soon,FOLLOWUP_TIME_MISSING,1,ROUTINE,Specify the exact follow-up interval in days or weeks.,ROUTINE_CLINICIAN,Resolved,CONFIRMED,NONE,MEDIUM,ENGLISH_NATIVE
CASE-0864,Patient presenting with mild eczema. Hydrocortisone cream applied. Return to rural health center in 2 weeks for reassessment.,Reassessment in 2 weeks,NONE,0,ROUTINE,None required,NONE,Not Required,CONFIRMED,NONE,HIGH,DIALECT_ENGLISH
CASE-0865,Rural Clinic Visit Note: Complex wound dressing. The health worker ought to monitor wound site.,Health worker ought to monitor,UNCLEAR_RESPONSIBILITY,1,ROUTINE,Designate named healthcare provider or specific clinic role for monitoring.,ROUTINE_CLINICIAN,Resolved,CONFIRMED,NONE,HIGH,STANDARD_ENGLISH
CASE-0866,   ,N/A,MISSING_NOTE,1,ROUTINE,Clinical note contains only whitespace. Manual clinical review required.,MANUAL_REVIEW,Resolved,REJECTED,Recommendation not applicable,EMPTY,DIALECT_ENGLISH
CASE-0867,Post-operative suture care. Come back in 3 days. Return to clinic next month.,Come back in 3 days and next month,CONTRADICTORY_TIMING,1,ROUTINE,Confirm whether suture removal is at day 3 or 30 days.,ROUTINE_CLINICIAN,Resolved,CONFIRMED,NONE,HIGH,ENGLISH_NATIVE
CASE-0868,Consultation Summary: Complex wound dressing. The health worker ought to monitor wound site.,Health worker ought to monitor,UNCLEAR_RESPONSIBILITY,1,ROUTINE,Designate named healthcare provider or specific clinic role for monitoring.,ROUTINE_CLINICIAN,Resolved,CONFIRMED,NONE,HIGH,TRANSLATED_ENGLISH
CASE-0869,,,MISSING_NOTE,1,ROUTINE,Clinical note is completely empty. Manual clinical review required before patient departure.,MANUAL_REVIEW,Resolved,REJECTED,Resource unavailable,EMPTY,DIALECT_ENGLISH
CASE-0870,   ,N/A,MISSING_NOTE,1,ROUTINE,Clinical note contains only whitespace. Manual clinical review required.,MANUAL_REVIEW,Resolved,REJECTED,Resource unavailable,EMPTY,TRANSLATED_ENGLISH
CASE-0871,refr specist if syncp recr,refr specist,NOISY_NOTE,1,MODERATE,Noisy text. Clarify referral criteria for recurrent syncope and target specialist.,SENIOR_CLINICIAN,Resolved,MODIFIED,Recommendation not applicable,NOISY,TRANSLATED_ENGLISH
CASE-0872,follw up aftr 3 dys if condtion worsn,follw up 3 dys,NOISY_NOTE,1,ROUTINE,Low-confidence transcription. Verify if 'follow up after 3 days if condition worsens' was intended.,ROUTINE_CLINICIAN,Resolved,MODIFIED,Resource unavailable,NOISY,STANDARD_ENGLISH
CASE-0873,Diabetic ulcer dressing changed. Clinic visit in 3 days.,Clinic visit in 3 days,MISSING_ACTION,1,ROUTINE,"Clarify whether visit is for dressing change, debridement, or physician review.",ROUTINE_CLINICIAN,Resolved,CONFIRMED,NONE,HIGH,TRANSLATED_ENGLISH
CASE-0874,,,MISSING_NOTE,1,ROUTINE,Clinical note is completely empty. Manual clinical review required before patient departure.,MANUAL_REVIEW,Resolved,REJECTED,Resource unavailable,EMPTY,ENGLISH_NATIVE
CASE-0875,Complex wound dressing. The health worker ought to monitor wound site.,Health worker ought to monitor,UNCLEAR_RESPONSIBILITY,1,ROUTINE,Designate named healthcare provider or specific clinic role for monitoring.,ROUTINE_CLINICIAN,Resolved,CONFIRMED,NONE,HIGH,DIALECT_ENGLISH
CASE-0876,Hypertension consultation. BP recorded at 135/85 mmHg. Continue daily Amlodipine 5mg. Schedule follow-up visit on 15 September.,Follow-up on 15 September,NONE,0,ROUTINE,None required,NONE,Not Required,CONFIRMED,NONE,HIGH,DIALECT_ENGLISH
CASE-0877,Consultation Summary: Type 2 diabetes routine check. HbA1c 7.2%. Continue Metformin 500mg BD. Re-check blood fasting sugar on Monday morning.,Fasting sugar recheck Monday,NONE,0,ROUTINE,None required,NONE,Not Required,CONFIRMED,NONE,HIGH,TRANSLATED_ENGLISH
CASE-0878,Diabetic ulcer dressing changed. Clinic visit in 3 days.,Clinic visit in 3 days,MISSING_ACTION,1,ROUTINE,"Clarify whether visit is for dressing change, debridement, or physician review.",ROUTINE_CLINICIAN,Resolved,CONFIRMED,NONE,HIGH,ENGLISH_NATIVE
CASE-0879,Rural Clinic Visit Note: Pediatric fever settled. See nurse next Monday.,See nurse next Monday,MISSING_ACTION,1,ROUTINE,"Specify the action needed (growth monitoring, repeat temperature check, vaccination).",ROUTINE_CLINICIAN,Resolved,CONFIRMED,NONE,HIGH,STANDARD_ENGLISH
CASE-0880,Post-traumatic abdominal rigidity and tachycardia. Follow-up next week.,Follow-up next week despite acute abdomen,URGENCY_AMBIGUITY,1,HIGH,Urgency Conflict: Suspected internal bleeding requiring immediate surgical evaluation!,IMMEDIATE_URGENT_REVIEW,Resolved,ESCALATED,NONE,HIGH,STANDARD_ENGLISH
CASE-0881,Skin lesion showing irregular borders. Refer to expert if needed.,Refer to expert if needed,UNCLEAR_SPECIALIST_REFERRAL,1,MODERATE,"Specify Dermatology referral trigger (biopsy result, size increase) and referral priority.",SENIOR_CLINICIAN,Resolved,CONFIRMED,NONE,HIGH,DIALECT_ENGLISH
CASE-0882,   ,N/A,MISSING_NOTE,1,ROUTINE,Clinical note contains only whitespace. Manual clinical review required.,MANUAL_REVIEW,Resolved,REJECTED,False positive,EMPTY,ENGLISH_NATIVE
CASE-0883,Patient started on antihypertensive therapy. Come back if symptoms get worse.,Come back if symptoms get worse,VAGUE_SYMPTOM_CONDITION,1,ROUTINE,What specific red-flag symptoms or BP thresholds define 'worse'?,ROUTINE_CLINICIAN,Resolved,CONFIRMED,NONE,HIGH,TRANSLATED_ENGLISH
CASE-0884,,,MISSING_NOTE,1,ROUTINE,Clinical note is completely empty. Manual clinical review required before patient departure.,MANUAL_REVIEW,Resolved,REJECTED,Recommendation not applicable,EMPTY,TRANSLATED_ENGLISH
CASE-0885,Conjunctivitis treated with antibiotic drops. Return if eyes look bad.,Return if eyes look bad,VAGUE_SYMPTOM_CONDITION,1,ROUTINE,"Define clinical indicators (increased discharge, vision change, severe pain).",ROUTINE_CLINICIAN,Resolved,CONFIRMED,NONE,HIGH,TRANSLATED_ENGLISH
CASE-0886,Patient treated for gastroenteritis with oral rehydration salts. Review the patient later.,Review later,FOLLOWUP_TIME_MISSING,1,ROUTINE,When exactly should the patient return for follow-up?,ROUTINE_CLINICIAN,Resolved,CONFIRMED,NONE,HIGH,TRANSLATED_ENGLISH
CASE-0887,Persistent abdominal pain suspicious for gallstones. Consult specialist when appropriate.,Consult specialist when appropriate,UNCLEAR_SPECIALIST_REFERRAL,1,MODERATE,"Define referral criteria, target department (General Surgery/GI), and urgency timeline.",SENIOR_CLINICIAN,Resolved,CONFIRMED,NONE,HIGH,DIALECT_ENGLISH
CASE-0888,Nurse Triage Note: Patient presenting with mild eczema. Hydrocortisone cream applied. Return to rural health center in 2 weeks for reassessment.,Reassessment in 2 weeks,NONE,0,ROUTINE,None required,NONE,Not Required,CONFIRMED,NONE,HIGH,DIALECT_ENGLISH
CASE-0889,"Outpatient Record: Child presenting with lethargy, high grade fever and vomiting. Check tomorrow if worsens.",Check tomorrow despite severe pediatric lethargy,URGENCY_AMBIGUITY,1,HIGH,Urgency Conflict: Pediatric red-flag symptoms require urgent emergency triage!,IMMEDIATE_URGENT_REVIEW,Resolved,ESCALATED,NONE,HIGH,DIALECT_ENGLISH
CASE-0890,Consultation Summary: Patient started on thyroid supplement. Review in 5 days. Return after 3 months for blood test.,Review in 5 days and 3 months,CONTRADICTORY_TIMING,1,ROUTINE,Reconcile short-term review with 3-month blood test schedule.,ROUTINE_CLINICIAN,Resolved,CONFIRMED,NONE,HIGH,ENGLISH_NATIVE
CASE-0891,Post-operative suture care. Come back in 3 days. Return to clinic next month.,Come back in 3 days and next month,CONTRADICTORY_TIMING,1,ROUTINE,Confirm whether suture removal is at day 3 or 30 days.,ROUTINE_CLINICIAN,Resolved,CONFIRMED,NONE,HIGH,TRANSLATED_ENGLISH
CASE-0892,Upper respiratory tract infection. Advised bed rest and oral fluids. Return to clinic on Friday if not completely resolved.,Return on Friday if unresolved,NONE,0,ROUTINE,None required,NONE,Not Required,CONFIRMED,NONE,HIGH,ENGLISH_NATIVE
CASE-0893,"Minor head injury evaluated, CT normal. Patient advised to return for follow-up after some time.",Follow-up after some time,FOLLOWUP_TIME_MISSING,1,ROUTINE,What exact date or number of days should be used for follow-up?,ROUTINE_CLINICIAN,Resolved,CONFIRMED,NONE,HIGH,ENGLISH_NATIVE
CASE-0894,   ,N/A,MISSING_NOTE,1,ROUTINE,Clinical note contains only whitespace. Manual clinical review required.,MANUAL_REVIEW,Resolved,REJECTED,Other,EMPTY,DIALECT_ENGLISH
CASE-0895,follw up aftr 3 dys if condtion worsn,follw up 3 dys,NOISY_NOTE,1,ROUTINE,Low-confidence transcription. Verify if 'follow up after 3 days if condition worsens' was intended.,ROUTINE_CLINICIAN,Resolved,MODIFIED,Clinical context differs,NOISY,STANDARD_ENGLISH
CASE-0896,Patient presenting with mild eczema. Hydrocortisone cream applied. Return to rural health center in 2 weeks for reassessment.,Reassessment in 2 weeks,NONE,0,ROUTINE,None required,NONE,Not Required,CONFIRMED,NONE,HIGH,STANDARD_ENGLISH
CASE-0897,Persistent abdominal pain suspicious for gallstones. Consult specialist when appropriate.,Consult specialist when appropriate,UNCLEAR_SPECIALIST_REFERRAL,1,MODERATE,"Define referral criteria, target department (General Surgery/GI), and urgency timeline.",SENIOR_CLINICIAN,Resolved,CONFIRMED,NONE,HIGH,DIALECT_ENGLISH
CASE-0898,Patient with fluctuating blood glucose levels. Someone should review the patient.,Someone should review the patient,UNCLEAR_RESPONSIBILITY,1,ROUTINE,"Who (duty doctor, community health nurse, endocrinologist) is responsible for review?",ROUTINE_CLINICIAN,Resolved,CONFIRMED,NONE,HIGH,ENGLISH_NATIVE
CASE-0899,,,MISSING_NOTE,1,ROUTINE,Clinical note is completely empty. Manual clinical review required before patient departure.,MANUAL_REVIEW,Resolved,REJECTED,Resource unavailable,EMPTY,DIALECT_ENGLISH
CASE-0900,   ,N/A,MISSING_NOTE,1,ROUTINE,Clinical note contains only whitespace. Manual clinical review required.,MANUAL_REVIEW,Resolved,REJECTED,Other,EMPTY,STANDARD_ENGLISH
CASE-0901,Patient started on thyroid supplement. Review in 5 days. Return after 3 months for blood test.,Review in 5 days and 3 months,CONTRADICTORY_TIMING,1,ROUTINE,Reconcile short-term review with 3-month blood test schedule.,ROUTINE_CLINICIAN,Resolved,CONFIRMED,NONE,HIGH,ENGLISH_NATIVE
CASE-0902,Persistent abdominal pain suspicious for gallstones. Consult specialist when appropriate.,Consult specialist when appropriate,UNCLEAR_SPECIALIST_REFERRAL,1,MODERATE,"Define referral criteria, target department (General Surgery/GI), and urgency timeline.",SENIOR_CLINICIAN,Resolved,CONFIRMED,NONE,HIGH,TRANSLATED_ENGLISH
CASE-0903,Consultation Summary: Patient presenting with lumbar muscle strain. Continue treatment for some time.,Continue treatment for some time,VAGUE_DURATION,1,ROUTINE,How many days or weeks should treatment be continued?,ROUTINE_CLINICIAN,Resolved,CONFIRMED,NONE,HIGH,DIALECT_ENGLISH
CASE-0904,Hypertension follow-up. Repeat BP check in 24 hours. Schedule follow-up in 6 weeks.,Repeat BP in 24h and 6 weeks,CONTRADICTORY_TIMING,1,ROUTINE,Clarify if 24-hour ambulatory check or 6-week routine visit is intended.,ROUTINE_CLINICIAN,Resolved,CONFIRMED,NONE,HIGH,TRANSLATED_ENGLISH
CASE-0905,Severe high fever 40C with neck stiffness. Re-examine after some time.,Re-examine after some time despite high fever and stiff neck,URGENCY_AMBIGUITY,1,HIGH,Urgency Conflict: Meningeal signs require emergency escalation to hospital care immediately!,IMMEDIATE_URGENT_REVIEW,Resolved,ESCALATED,NONE,HIGH,TRANSLATED_ENGLISH
CASE-0906,Consultation Summary: Patient started on antihypertensive therapy. Come back if symptoms get worse.,Come back if symptoms get worse,VAGUE_SYMPTOM_CONDITION,1,ROUTINE,What specific red-flag symptoms or BP thresholds define 'worse'?,ROUTINE_CLINICIAN,Resolved,CONFIRMED,NONE,HIGH,DIALECT_ENGLISH
CASE-0907,Rural Clinic Visit Note: Fungal skin infection on forearm. Apply anti-fungal ointment for a couple of days.,Apply ointment for a couple of days,VAGUE_DURATION,1,ROUTINE,"Specify exact duration of ointment application (e.g., 7 or 14 days).",ROUTINE_CLINICIAN,Resolved,CONFIRMED,NONE,HIGH,STANDARD_ENGLISH
CASE-0908,Post-op wound check day 7. Wound healing cleanly with no signs of infection. Sutures removed. Next checkup in 10 days.,Checkup in 10 days,NONE,0,ROUTINE,None required,NONE,Not Required,CONFIRMED,NONE,HIGH,STANDARD_ENGLISH
CASE-0909,,,MISSING_NOTE,1,ROUTINE,Clinical note is completely empty. Manual clinical review required before patient departure.,MANUAL_REVIEW,Resolved,REJECTED,Specialist already contacted,EMPTY,DIALECT_ENGLISH
CASE-0910,Mild gastritis symptoms. Continue PPI medication as long as needed.,Continue PPI as long as needed,VAGUE_DURATION,1,ROUTINE,Define maximum treatment duration and clear review threshold.,ROUTINE_CLINICIAN,Resolved,CONFIRMED,NONE,HIGH,ENGLISH_NATIVE
CASE-0911,Consultation Summary: Acute chest pressure with radiation to left arm noted. Return if convenient.,Return if convenient despite acute chest pain,URGENCY_AMBIGUITY,1,HIGH,Urgency Conflict: Potential cardiac event with vague follow-up. Immediate emergency assessment required!,IMMEDIATE_URGENT_REVIEW,Resolved,ESCALATED,NONE,HIGH,STANDARD_ENGLISH
CASE-0912,Patient presenting with mild eczema. Hydrocortisone cream applied. Return to rural health center in 2 weeks for reassessment.,Reassessment in 2 weeks,NONE,0,ROUTINE,None required,NONE,Not Required,CONFIRMED,NONE,HIGH,DIALECT_ENGLISH
CASE-0913,Post-traumatic abdominal rigidity and tachycardia. Follow-up next week.,Follow-up next week despite acute abdomen,URGENCY_AMBIGUITY,1,HIGH,Urgency Conflict: Suspected internal bleeding requiring immediate surgical evaluation!,IMMEDIATE_URGENT_REVIEW,Resolved,ESCALATED,NONE,HIGH,TRANSLATED_ENGLISH
CASE-0914,Mild osteoarthritis of right knee. Paracetamol 1g TDS prescribed as needed for pain. Follow up in 3 weeks at clinic.,Follow up in 3 weeks,NONE,0,ROUTINE,None required,NONE,Not Required,CONFIRMED,NONE,HIGH,TRANSLATED_ENGLISH
CASE-0915,refr specist if syncp recr,refr specist,NOISY_NOTE,1,MODERATE,Noisy text. Clarify referral criteria for recurrent syncope and target specialist.,SENIOR_CLINICIAN,Resolved,MODIFIED,Resource unavailable,NOISY,DIALECT_ENGLISH
CASE-0916,Patient consultation for chronic back pain. Follow-up in one week.,Follow-up in one week,MISSING_ACTION,1,ROUTINE,"What specific action (BP check, lab test, medication review) is required at follow-up?",ROUTINE_CLINICIAN,Resolved,CONFIRMED,NONE,HIGH,DIALECT_ENGLISH
CASE-0917,Post-vaccination fever and arm pain. Re-consult if patient feels unwell.,Re-consult if feels unwell,VAGUE_SYMPTOM_CONDITION,1,ROUTINE,"Clarify parameters for re-consultation (e.g., persistent fever >48 hours).",ROUTINE_CLINICIAN,Resolved,CONFIRMED,NONE,HIGH,ENGLISH_NATIVE
CASE-0918,Nurse Triage Note: Post-traumatic abdominal rigidity and tachycardia. Follow-up next week.,Follow-up next week despite acute abdomen,URGENCY_AMBIGUITY,1,HIGH,Urgency Conflict: Suspected internal bleeding requiring immediate surgical evaluation!,IMMEDIATE_URGENT_REVIEW,Resolved,ESCALATED,NONE,HIGH,TRANSLATED_ENGLISH
CASE-0919,Post-discharge stroke rehabilitation. Patient needs to be checked regularly.,Patient needs to be checked regularly,UNCLEAR_RESPONSIBILITY,1,ROUTINE,Assign explicit staff role responsible for regular checks.,ROUTINE_CLINICIAN,Resolved,CONFIRMED,NONE,HIGH,STANDARD_ENGLISH
CASE-0920,Elevated blood pressure observed. Review scheduled for 10th August.,Review scheduled 10th August,MISSING_ACTION,1,ROUTINE,Identify required clinical procedure or test prior to review.,ROUTINE_CLINICIAN,Resolved,CONFIRMED,NONE,HIGH,TRANSLATED_ENGLISH
CASE-0921,Conjunctivitis treated with antibiotic drops. Return if eyes look bad.,Return if eyes look bad,VAGUE_SYMPTOM_CONDITION,1,ROUTINE,"Define clinical indicators (increased discharge, vision change, severe pain).",ROUTINE_CLINICIAN,Resolved,CONFIRMED,NONE,HIGH,ENGLISH_NATIVE
CASE-0922,Complex wound dressing. The health worker ought to monitor wound site.,Health worker ought to monitor,UNCLEAR_RESPONSIBILITY,1,ROUTINE,Designate named healthcare provider or specific clinic role for monitoring.,ROUTINE_CLINICIAN,Resolved,CONFIRMED,NONE,HIGH,DIALECT_ENGLISH
CASE-0923,   ,N/A,MISSING_NOTE,1,ROUTINE,Clinical note contains only whitespace. Manual clinical review required.,MANUAL_REVIEW,Resolved,REJECTED,False positive,EMPTY,ENGLISH_NATIVE
CASE-0924,Nurse Triage Note: Mild bronchitis. Take cough syrup. Return to clinic if condition deteriorates.,Return if condition deteriorates,VAGUE_SYMPTOM_CONDITION,1,MODERATE,"Which specific signs (fever >38.5C, severe shortness of breath) constitute deterioration?",ROUTINE_CLINICIAN,Resolved,CONFIRMED,NONE,HIGH,TRANSLATED_ENGLISH
CASE-0925,Rural Clinic Visit Note: refr specist if syncp recr,refr specist,NOISY_NOTE,1,MODERATE,Noisy text. Clarify referral criteria for recurrent syncope and target specialist.,SENIOR_CLINICIAN,Resolved,MODIFIED,Clinical context differs,NOISY,STANDARD_ENGLISH
CASE-0926,"Minor head injury evaluated, CT normal. Patient advised to return for follow-up after some time.",Follow-up after some time,FOLLOWUP_TIME_MISSING,1,ROUTINE,What exact date or number of days should be used for follow-up?,ROUTINE_CLINICIAN,Resolved,CONFIRMED,NONE,HIGH,DIALECT_ENGLISH
CASE-0927,Consultation Summary: Patient has worsening breathing difficulty. Review later.,Review later despite worsening dyspnea,URGENCY_AMBIGUITY,1,HIGH,Urgency Conflict: Severe respiratory symptom combined with delayed review. Immediate clinical evaluation required!,IMMEDIATE_URGENT_REVIEW,Resolved,ESCALATED,NONE,HIGH,STANDARD_ENGLISH
CASE-0928,Persistent abdominal pain suspicious for gallstones. Consult specialist when appropriate.,Consult specialist when appropriate,UNCLEAR_SPECIALIST_REFERRAL,1,MODERATE,"Define referral criteria, target department (General Surgery/GI), and urgency timeline.",SENIOR_CLINICIAN,Resolved,CONFIRMED,NONE,HIGH,TRANSLATED_ENGLISH
CASE-0929,Patient has worsening breathing difficulty. Review later.,Review later despite worsening dyspnea,URGENCY_AMBIGUITY,1,HIGH,Urgency Conflict: Severe respiratory symptom combined with delayed review. Immediate clinical evaluation required!,IMMEDIATE_URGENT_REVIEW,Resolved,ESCALATED,NONE,HIGH,ENGLISH_NATIVE
CASE-0930,Upper respiratory tract infection. Advised bed rest and oral fluids. Return to clinic on Friday if not completely resolved.,Return on Friday if unresolved,NONE,0,ROUTINE,None required,NONE,Not Required,CONFIRMED,NONE,HIGH,TRANSLATED_ENGLISH
CASE-0931,Nurse Triage Note: Upper respiratory tract infection. Advised bed rest and oral fluids. Return to clinic on Friday if not completely resolved.,Return on Friday if unresolved,NONE,0,ROUTINE,None required,NONE,Not Required,CONFIRMED,NONE,HIGH,STANDARD_ENGLISH
CASE-0932,Upper respiratory tract infection. Advised bed rest and oral fluids. Return to clinic on Friday if not completely resolved.,Return on Friday if unresolved,NONE,0,ROUTINE,None required,NONE,Not Required,CONFIRMED,NONE,HIGH,TRANSLATED_ENGLISH
CASE-0933,Acute chest pressure with radiation to left arm noted. Return if convenient.,Return if convenient despite acute chest pain,URGENCY_AMBIGUITY,1,HIGH,Urgency Conflict: Potential cardiac event with vague follow-up. Immediate emergency assessment required!,IMMEDIATE_URGENT_REVIEW,Resolved,ESCALATED,NONE,HIGH,STANDARD_ENGLISH
CASE-0934,Mild osteoarthritis of right knee. Paracetamol 1g TDS prescribed as needed for pain. Follow up in 3 weeks at clinic.,Follow up in 3 weeks,NONE,0,ROUTINE,None required,NONE,Not Required,CONFIRMED,NONE,HIGH,ENGLISH_NATIVE
CASE-0935,Rural Clinic Visit Note: Hypertension follow-up. Repeat BP check in 24 hours. Schedule follow-up in 6 weeks.,Repeat BP in 24h and 6 weeks,CONTRADICTORY_TIMING,1,ROUTINE,Clarify if 24-hour ambulatory check or 6-week routine visit is intended.,ROUTINE_CLINICIAN,Resolved,CONFIRMED,NONE,HIGH,STANDARD_ENGLISH
CASE-0936,Post-operative suture care. Come back in 3 days. Return to clinic next month.,Come back in 3 days and next month,CONTRADICTORY_TIMING,1,ROUTINE,Confirm whether suture removal is at day 3 or 30 days.,ROUTINE_CLINICIAN,Resolved,CONFIRMED,NONE,HIGH,STANDARD_ENGLISH
CASE-0937,Nurse Triage Note: Patient consultation for chronic back pain. Follow-up in one week.,Follow-up in one week,MISSING_ACTION,1,ROUTINE,"What specific action (BP check, lab test, medication review) is required at follow-up?",ROUTINE_CLINICIAN,Resolved,CONFIRMED,NONE,HIGH,DIALECT_ENGLISH
CASE-0938,Rural Clinic Visit Note: Upper respiratory tract infection. Advised bed rest and oral fluids. Return to clinic on Friday if not completely resolved.,Return on Friday if unresolved,NONE,0,ROUTINE,None required,NONE,Not Required,CONFIRMED,NONE,HIGH,TRANSLATED_ENGLISH
CASE-0939,Patient treated for gastroenteritis with oral rehydration salts. Review the patient later.,Review later,FOLLOWUP_TIME_MISSING,1,ROUTINE,When exactly should the patient return for follow-up?,ROUTINE_CLINICIAN,Resolved,CONFIRMED,NONE,HIGH,TRANSLATED_ENGLISH
CASE-0940,Post-vaccination fever and arm pain. Re-consult if patient feels unwell.,Re-consult if feels unwell,VAGUE_SYMPTOM_CONDITION,1,ROUTINE,"Clarify parameters for re-consultation (e.g., persistent fever >48 hours).",ROUTINE_CLINICIAN,Resolved,CONFIRMED,NONE,HIGH,ENGLISH_NATIVE
CASE-0941,Patient diagnosed with acute pharyngitis. Amoxicillin 500mg prescribed for 7 days. Return to clinic in 5 days for review.,Review in 5 days,NONE,0,ROUTINE,None required,NONE,Not Required,CONFIRMED,NONE,HIGH,DIALECT_ENGLISH
CASE-0942,Patient treated for gastroenteritis with oral rehydration salts. Review the patient later.,Review later,FOLLOWUP_TIME_MISSING,1,ROUTINE,When exactly should the patient return for follow-up?,ROUTINE_CLINICIAN,Resolved,CONFIRMED,NONE,HIGH,ENGLISH_NATIVE
CASE-0943,Fungal skin infection on forearm. Apply anti-fungal ointment for a couple of days.,Apply ointment for a couple of days,VAGUE_DURATION,1,ROUTINE,"Specify exact duration of ointment application (e.g., 7 or 14 days).",ROUTINE_CLINICIAN,Resolved,CONFIRMED,NONE,HIGH,DIALECT_ENGLISH
CASE-0944,Persistent abdominal pain suspicious for gallstones. Consult specialist when appropriate.,Consult specialist when appropriate,UNCLEAR_SPECIALIST_REFERRAL,1,MODERATE,"Define referral criteria, target department (General Surgery/GI), and urgency timeline.",SENIOR_CLINICIAN,Resolved,CONFIRMED,NONE,HIGH,STANDARD_ENGLISH
CASE-0945,Rural Clinic Visit Note: Skin lesion showing irregular borders. Refer to expert if needed.,Refer to expert if needed,UNCLEAR_SPECIALIST_REFERRAL,1,MODERATE,"Specify Dermatology referral trigger (biopsy result, size increase) and referral priority.",SENIOR_CLINICIAN,Resolved,CONFIRMED,NONE,HIGH,TRANSLATED_ENGLISH
CASE-0946,   ,N/A,MISSING_NOTE,1,ROUTINE,Clinical note contains only whitespace. Manual clinical review required.,MANUAL_REVIEW,Resolved,REJECTED,Other,EMPTY,ENGLISH_NATIVE
CASE-0947,   ,N/A,MISSING_NOTE,1,ROUTINE,Clinical note contains only whitespace. Manual clinical review required.,MANUAL_REVIEW,Resolved,REJECTED,Recommendation not applicable,EMPTY,TRANSLATED_ENGLISH
CASE-0948,Consultation Summary: pt revw in few dyas or wks if pain persist,pt revw few dyas,NOISY_NOTE,1,ROUTINE,Low-confidence text. Confirm exact follow-up interval and pain management plan.,ROUTINE_CLINICIAN,Resolved,MODIFIED,Other,NOISY,DIALECT_ENGLISH
CASE-0949,   ,N/A,MISSING_NOTE,1,ROUTINE,Clinical note contains only whitespace. Manual clinical review required.,MANUAL_REVIEW,Resolved,REJECTED,Other,EMPTY,STANDARD_ENGLISH
CASE-0950,   ,N/A,MISSING_NOTE,1,ROUTINE,Clinical note contains only whitespace. Manual clinical review required.,MANUAL_REVIEW,Resolved,REJECTED,Clinical context differs,EMPTY,STANDARD_ENGLISH
CASE-0951,Rural Clinic Visit Note: Skin lesion showing irregular borders. Refer to expert if needed.,Refer to expert if needed,UNCLEAR_SPECIALIST_REFERRAL,1,MODERATE,"Specify Dermatology referral trigger (biopsy result, size increase) and referral priority.",SENIOR_CLINICIAN,Resolved,CONFIRMED,NONE,HIGH,TRANSLATED_ENGLISH
CASE-0952,Mild osteoarthritis of right knee. Paracetamol 1g TDS prescribed as needed for pain. Follow up in 3 weeks at clinic.,Follow up in 3 weeks,NONE,0,ROUTINE,None required,NONE,Not Required,CONFIRMED,NONE,HIGH,ENGLISH_NATIVE
CASE-0953,Persistent abdominal pain suspicious for gallstones. Consult specialist when appropriate.,Consult specialist when appropriate,UNCLEAR_SPECIALIST_REFERRAL,1,MODERATE,"Define referral criteria, target department (General Surgery/GI), and urgency timeline.",SENIOR_CLINICIAN,Resolved,CONFIRMED,NONE,HIGH,STANDARD_ENGLISH
CASE-0954,Consultation Summary: Mild osteoarthritis of right knee. Paracetamol 1g TDS prescribed as needed for pain. Follow up in 3 weeks at clinic.,Follow up in 3 weeks,NONE,0,ROUTINE,None required,NONE,Not Required,CONFIRMED,NONE,HIGH,ENGLISH_NATIVE
CASE-0955,Patient consultation for chronic back pain. Follow-up in one week.,Follow-up in one week,MISSING_ACTION,1,ROUTINE,"What specific action (BP check, lab test, medication review) is required at follow-up?",ROUTINE_CLINICIAN,Resolved,CONFIRMED,NONE,HIGH,STANDARD_ENGLISH
CASE-0956,Mild osteoarthritis of right knee. Paracetamol 1g TDS prescribed as needed for pain. Follow up in 3 weeks at clinic.,Follow up in 3 weeks,NONE,0,ROUTINE,None required,NONE,Not Required,CONFIRMED,NONE,HIGH,TRANSLATED_ENGLISH
CASE-0957,Consultation Summary: chk BP agin latr nxt wk if high,chk BP latr,NOISY_NOTE,1,ROUTINE,Noisy input detected. Clarify exact target day and target blood pressure threshold.,ROUTINE_CLINICIAN,Resolved,MODIFIED,Specialist already contacted,NOISY,STANDARD_ENGLISH
CASE-0958,Elevated blood pressure observed. Review scheduled for 10th August.,Review scheduled 10th August,MISSING_ACTION,1,ROUTINE,Identify required clinical procedure or test prior to review.,ROUTINE_CLINICIAN,Resolved,CONFIRMED,NONE,HIGH,STANDARD_ENGLISH
CASE-0959,Asthma exacerbation resolved after nebulization. Continue inhaler and come back soon.,Come back soon,FOLLOWUP_TIME_MISSING,1,ROUTINE,Specify the exact follow-up interval in days or weeks.,ROUTINE_CLINICIAN,Resolved,CONFIRMED,NONE,MEDIUM,TRANSLATED_ENGLISH
CASE-0960,Rural Clinic Visit Note: Allergic dermatitis treated with antihistamines. Return to clinic at a convenient time.,Return at convenient time,FOLLOWUP_TIME_MISSING,1,ROUTINE,Define a specific follow-up target date for clinic visit.,ROUTINE_CLINICIAN,Resolved,MODIFIED,Specialist already contacted,HIGH,DIALECT_ENGLISH
CASE-0961,Hypertension consultation. BP recorded at 135/85 mmHg. Continue daily Amlodipine 5mg. Schedule follow-up visit on 15 September.,Follow-up on 15 September,NONE,0,ROUTINE,None required,NONE,Not Required,CONFIRMED,NONE,HIGH,STANDARD_ENGLISH
CASE-0962,Hypertension consultation. BP recorded at 135/85 mmHg. Continue daily Amlodipine 5mg. Schedule follow-up visit on 15 September.,Follow-up on 15 September,NONE,0,ROUTINE,None required,NONE,Not Required,CONFIRMED,NONE,HIGH,ENGLISH_NATIVE
CASE-0963,Consultation Summary: Mild osteoarthritis of right knee. Paracetamol 1g TDS prescribed as needed for pain. Follow up in 3 weeks at clinic.,Follow up in 3 weeks,NONE,0,ROUTINE,None required,NONE,Not Required,CONFIRMED,NONE,HIGH,TRANSLATED_ENGLISH
CASE-0964,chk BP agin latr nxt wk if high,chk BP latr,NOISY_NOTE,1,ROUTINE,Noisy input detected. Clarify exact target day and target blood pressure threshold.,ROUTINE_CLINICIAN,Resolved,MODIFIED,False positive,NOISY,STANDARD_ENGLISH
CASE-0965,Hypertension consultation. BP recorded at 135/85 mmHg. Continue daily Amlodipine 5mg. Schedule follow-up visit on 15 September.,Follow-up on 15 September,NONE,0,ROUTINE,None required,NONE,Not Required,CONFIRMED,NONE,HIGH,DIALECT_ENGLISH
CASE-0966,   ,N/A,MISSING_NOTE,1,ROUTINE,Clinical note contains only whitespace. Manual clinical review required.,MANUAL_REVIEW,Resolved,REJECTED,Recommendation not applicable,EMPTY,DIALECT_ENGLISH
CASE-0967,Persistent abdominal pain suspicious for gallstones. Consult specialist when appropriate.,Consult specialist when appropriate,UNCLEAR_SPECIALIST_REFERRAL,1,MODERATE,"Define referral criteria, target department (General Surgery/GI), and urgency timeline.",SENIOR_CLINICIAN,Resolved,CONFIRMED,NONE,HIGH,TRANSLATED_ENGLISH
CASE-0968,Skin lesion showing irregular borders. Refer to expert if needed.,Refer to expert if needed,UNCLEAR_SPECIALIST_REFERRAL,1,MODERATE,"Specify Dermatology referral trigger (biopsy result, size increase) and referral priority.",SENIOR_CLINICIAN,Resolved,CONFIRMED,NONE,HIGH,ENGLISH_NATIVE
CASE-0969,   ,N/A,MISSING_NOTE,1,ROUTINE,Clinical note contains only whitespace. Manual clinical review required.,MANUAL_REVIEW,Resolved,REJECTED,Recommendation not applicable,EMPTY,TRANSLATED_ENGLISH
CASE-0970,Patient with fluctuating blood glucose levels. Someone should review the patient.,Someone should review the patient,UNCLEAR_RESPONSIBILITY,1,ROUTINE,"Who (duty doctor, community health nurse, endocrinologist) is responsible for review?",ROUTINE_CLINICIAN,Resolved,CONFIRMED,NONE,HIGH,DIALECT_ENGLISH
CASE-0971,,,MISSING_NOTE,1,ROUTINE,Clinical note is completely empty. Manual clinical review required before patient departure.,MANUAL_REVIEW,Resolved,REJECTED,Resource unavailable,EMPTY,STANDARD_ENGLISH
CASE-0972,Diabetic ulcer dressing changed. Clinic visit in 3 days.,Clinic visit in 3 days,MISSING_ACTION,1,ROUTINE,"Clarify whether visit is for dressing change, debridement, or physician review.",ROUTINE_CLINICIAN,Resolved,CONFIRMED,NONE,HIGH,STANDARD_ENGLISH
CASE-0973,Nurse Triage Note: Post-operative suture care. Come back in 3 days. Return to clinic next month.,Come back in 3 days and next month,CONTRADICTORY_TIMING,1,ROUTINE,Confirm whether suture removal is at day 3 or 30 days.,ROUTINE_CLINICIAN,Resolved,CONFIRMED,NONE,HIGH,DIALECT_ENGLISH
CASE-0974,Patient presenting with mild eczema. Hydrocortisone cream applied. Return to rural health center in 2 weeks for reassessment.,Reassessment in 2 weeks,NONE,0,ROUTINE,None required,NONE,Not Required,CONFIRMED,NONE,HIGH,ENGLISH_NATIVE
CASE-0975,Patient with chest congestion. Review tomorrow. Follow-up after two weeks.,Review tomorrow and after 2 weeks,CONTRADICTORY_TIMING,1,MODERATE,Resolve conflict: Is immediate review needed tomorrow or routine follow-up in 2 weeks?,ROUTINE_CLINICIAN,Resolved,CONFIRMED,NONE,HIGH,ENGLISH_NATIVE
CASE-0976,Persistent abdominal pain suspicious for gallstones. Consult specialist when appropriate.,Consult specialist when appropriate,UNCLEAR_SPECIALIST_REFERRAL,1,MODERATE,"Define referral criteria, target department (General Surgery/GI), and urgency timeline.",SENIOR_CLINICIAN,Resolved,CONFIRMED,NONE,HIGH,STANDARD_ENGLISH
CASE-0977,Patient with chest congestion. Review tomorrow. Follow-up after two weeks.,Review tomorrow and after 2 weeks,CONTRADICTORY_TIMING,1,MODERATE,Resolve conflict: Is immediate review needed tomorrow or routine follow-up in 2 weeks?,ROUTINE_CLINICIAN,Resolved,CONFIRMED,NONE,HIGH,TRANSLATED_ENGLISH
CASE-0978,Patient diagnosed with acute pharyngitis. Amoxicillin 500mg prescribed for 7 days. Return to clinic in 5 days for review.,Review in 5 days,NONE,0,ROUTINE,None required,NONE,Not Required,CONFIRMED,NONE,HIGH,DIALECT_ENGLISH
CASE-0979,Post-discharge stroke rehabilitation. Patient needs to be checked regularly.,Patient needs to be checked regularly,UNCLEAR_RESPONSIBILITY,1,ROUTINE,Assign explicit staff role responsible for regular checks.,ROUTINE_CLINICIAN,Resolved,CONFIRMED,NONE,HIGH,STANDARD_ENGLISH
CASE-0980,Patient consultation for chronic back pain. Follow-up in one week.,Follow-up in one week,MISSING_ACTION,1,ROUTINE,"What specific action (BP check, lab test, medication review) is required at follow-up?",ROUTINE_CLINICIAN,Resolved,CONFIRMED,NONE,HIGH,TRANSLATED_ENGLISH
CASE-0981,Type 2 diabetes routine check. HbA1c 7.2%. Continue Metformin 500mg BD. Re-check blood fasting sugar on Monday morning.,Fasting sugar recheck Monday,NONE,0,ROUTINE,None required,NONE,Not Required,CONFIRMED,NONE,HIGH,ENGLISH_NATIVE
CASE-0982,Nurse Triage Note: Diabetic ulcer dressing changed. Clinic visit in 3 days.,Clinic visit in 3 days,MISSING_ACTION,1,ROUTINE,"Clarify whether visit is for dressing change, debridement, or physician review.",ROUTINE_CLINICIAN,Resolved,CONFIRMED,NONE,HIGH,TRANSLATED_ENGLISH
CASE-0983,Outpatient Record: follw up aftr 3 dys if condtion worsn,follw up 3 dys,NOISY_NOTE,1,ROUTINE,Low-confidence transcription. Verify if 'follow up after 3 days if condition worsens' was intended.,ROUTINE_CLINICIAN,Resolved,MODIFIED,False positive,NOISY,ENGLISH_NATIVE
CASE-0984,Patient diagnosed with acute pharyngitis. Amoxicillin 500mg prescribed for 7 days. Return to clinic in 5 days for review.,Review in 5 days,NONE,0,ROUTINE,None required,NONE,Not Required,CONFIRMED,NONE,HIGH,STANDARD_ENGLISH
CASE-0985,Patient with chest congestion. Review tomorrow. Follow-up after two weeks.,Review tomorrow and after 2 weeks,CONTRADICTORY_TIMING,1,MODERATE,Resolve conflict: Is immediate review needed tomorrow or routine follow-up in 2 weeks?,ROUTINE_CLINICIAN,Resolved,CONFIRMED,NONE,HIGH,TRANSLATED_ENGLISH
CASE-0986,Mild bronchitis. Take cough syrup. Return to clinic if condition deteriorates.,Return if condition deteriorates,VAGUE_SYMPTOM_CONDITION,1,MODERATE,"Which specific signs (fever >38.5C, severe shortness of breath) constitute deterioration?",ROUTINE_CLINICIAN,Resolved,CONFIRMED,NONE,HIGH,ENGLISH_NATIVE
CASE-0987,pt revw in few dyas or wks if pain persist,pt revw few dyas,NOISY_NOTE,1,ROUTINE,Low-confidence text. Confirm exact follow-up interval and pain management plan.,ROUTINE_CLINICIAN,Resolved,MODIFIED,Patient preference,NOISY,ENGLISH_NATIVE
CASE-0988,Upper respiratory tract infection. Advised bed rest and oral fluids. Return to clinic on Friday if not completely resolved.,Return on Friday if unresolved,NONE,0,ROUTINE,None required,NONE,Not Required,CONFIRMED,NONE,HIGH,STANDARD_ENGLISH
CASE-0989,Post-op wound check day 7. Wound healing cleanly with no signs of infection. Sutures removed. Next checkup in 10 days.,Checkup in 10 days,NONE,0,ROUTINE,None required,NONE,Not Required,CONFIRMED,NONE,HIGH,DIALECT_ENGLISH
CASE-0990,Patient presenting with mild eczema. Hydrocortisone cream applied. Return to rural health center in 2 weeks for reassessment.,Reassessment in 2 weeks,NONE,0,ROUTINE,None required,NONE,Not Required,CONFIRMED,NONE,HIGH,STANDARD_ENGLISH
CASE-0991,Post-vaccination fever and arm pain. Re-consult if patient feels unwell.,Re-consult if feels unwell,VAGUE_SYMPTOM_CONDITION,1,ROUTINE,"Clarify parameters for re-consultation (e.g., persistent fever >48 hours).",ROUTINE_CLINICIAN,Resolved,CONFIRMED,NONE,HIGH,TRANSLATED_ENGLISH
CASE-0992,Patient has worsening breathing difficulty. Review later.,Review later despite worsening dyspnea,URGENCY_AMBIGUITY,1,HIGH,Urgency Conflict: Severe respiratory symptom combined with delayed review. Immediate clinical evaluation required!,IMMEDIATE_URGENT_REVIEW,Resolved,ESCALATED,NONE,HIGH,ENGLISH_NATIVE
CASE-0993,Rural Clinic Visit Note: Patient presenting with mild eczema. Hydrocortisone cream applied. Return to rural health center in 2 weeks for reassessment.,Reassessment in 2 weeks,NONE,0,ROUTINE,None required,NONE,Not Required,CONFIRMED,NONE,HIGH,STANDARD_ENGLISH
CASE-0994,Diabetic ulcer dressing changed. Clinic visit in 3 days.,Clinic visit in 3 days,MISSING_ACTION,1,ROUTINE,"Clarify whether visit is for dressing change, debridement, or physician review.",ROUTINE_CLINICIAN,Resolved,CONFIRMED,NONE,HIGH,DIALECT_ENGLISH
CASE-0995,Mild osteoarthritis of right knee. Paracetamol 1g TDS prescribed as needed for pain. Follow up in 3 weeks at clinic.,Follow up in 3 weeks,NONE,0,ROUTINE,None required,NONE,Not Required,CONFIRMED,NONE,HIGH,DIALECT_ENGLISH
CASE-0996,Asthma exacerbation resolved after nebulization. Continue inhaler and come back soon.,Come back soon,FOLLOWUP_TIME_MISSING,1,ROUTINE,Specify the exact follow-up interval in days or weeks.,ROUTINE_CLINICIAN,Resolved,CONFIRMED,NONE,MEDIUM,ENGLISH_NATIVE
CASE-0997,Type 2 diabetes routine check. HbA1c 7.2%. Continue Metformin 500mg BD. Re-check blood fasting sugar on Monday morning.,Fasting sugar recheck Monday,NONE,0,ROUTINE,None required,NONE,Not Required,CONFIRMED,NONE,HIGH,TRANSLATED_ENGLISH
CASE-0998,Patient started on antihypertensive therapy. Come back if symptoms get worse.,Come back if symptoms get worse,VAGUE_SYMPTOM_CONDITION,1,ROUTINE,What specific red-flag symptoms or BP thresholds define 'worse'?,ROUTINE_CLINICIAN,Resolved,CONFIRMED,NONE,HIGH,STANDARD_ENGLISH
CASE-0999,Asthma exacerbation resolved after nebulization. Continue inhaler and come back soon.,Come back soon,FOLLOWUP_TIME_MISSING,1,ROUTINE,Specify the exact follow-up interval in days or weeks.,ROUTINE_CLINICIAN,Resolved,CONFIRMED,NONE,MEDIUM,DIALECT_ENGLISH
CASE-1000,Mild osteoarthritis of right knee. Paracetamol 1g TDS prescribed as needed for pain. Follow up in 3 weeks at clinic.,Follow up in 3 weeks,NONE,0,ROUTINE,None required,NONE,Not Required,CONFIRMED,NONE,HIGH,STANDARD_ENGLISH
CASE-1001,Hypertension follow-up. Repeat BP check in 24 hours. Schedule follow-up in 6 weeks.,Repeat BP in 24h and 6 weeks,CONTRADICTORY_TIMING,1,ROUTINE,Clarify if 24-hour ambulatory check or 6-week routine visit is intended.,ROUTINE_CLINICIAN,Resolved,CONFIRMED,NONE,HIGH,STANDARD_ENGLISH
CASE-1002,Patient with fluctuating blood glucose levels. Someone should review the patient.,Someone should review the patient,UNCLEAR_RESPONSIBILITY,1,ROUTINE,"Who (duty doctor, community health nurse, endocrinologist) is responsible for review?",ROUTINE_CLINICIAN,Resolved,CONFIRMED,NONE,HIGH,STANDARD_ENGLISH
CASE-1003,Post-traumatic abdominal rigidity and tachycardia. Follow-up next week.,Follow-up next week despite acute abdomen,URGENCY_AMBIGUITY,1,HIGH,Urgency Conflict: Suspected internal bleeding requiring immediate surgical evaluation!,IMMEDIATE_URGENT_REVIEW,Resolved,ESCALATED,NONE,HIGH,ENGLISH_NATIVE
CASE-1004,Post-op wound check day 7. Wound healing cleanly with no signs of infection. Sutures removed. Next checkup in 10 days.,Checkup in 10 days,NONE,0,ROUTINE,None required,NONE,Not Required,CONFIRMED,NONE,HIGH,STANDARD_ENGLISH
CASE-1005,Type 2 diabetes routine check. HbA1c 7.2%. Continue Metformin 500mg BD. Re-check blood fasting sugar on Monday morning.,Fasting sugar recheck Monday,NONE,0,ROUTINE,None required,NONE,Not Required,CONFIRMED,NONE,HIGH,TRANSLATED_ENGLISH
CASE-1006,Patient started on antihypertensive therapy. Come back if symptoms get worse.,Come back if symptoms get worse,VAGUE_SYMPTOM_CONDITION,1,ROUTINE,What specific red-flag symptoms or BP thresholds define 'worse'?,ROUTINE_CLINICIAN,Resolved,CONFIRMED,NONE,HIGH,DIALECT_ENGLISH
CASE-1007,Post-operative suture care. Come back in 3 days. Return to clinic next month.,Come back in 3 days and next month,CONTRADICTORY_TIMING,1,ROUTINE,Confirm whether suture removal is at day 3 or 30 days.,ROUTINE_CLINICIAN,Resolved,CONFIRMED,NONE,HIGH,DIALECT_ENGLISH
CASE-1008,Patient started on thyroid supplement. Review in 5 days. Return after 3 months for blood test.,Review in 5 days and 3 months,CONTRADICTORY_TIMING,1,ROUTINE,Reconcile short-term review with 3-month blood test schedule.,ROUTINE_CLINICIAN,Resolved,CONFIRMED,NONE,HIGH,STANDARD_ENGLISH
CASE-1009,Nurse Triage Note: Post-operative suture care. Come back in 3 days. Return to clinic next month.,Come back in 3 days and next month,CONTRADICTORY_TIMING,1,ROUTINE,Confirm whether suture removal is at day 3 or 30 days.,ROUTINE_CLINICIAN,Resolved,CONFIRMED,NONE,HIGH,ENGLISH_NATIVE
CASE-1010,Post-op wound check day 7. Wound healing cleanly with no signs of infection. Sutures removed. Next checkup in 10 days.,Checkup in 10 days,NONE,0,ROUTINE,None required,NONE,Not Required,CONFIRMED,NONE,HIGH,ENGLISH_NATIVE
CASE-1011,pt revw in few dyas or wks if pain persist,pt revw few dyas,NOISY_NOTE,1,ROUTINE,Low-confidence text. Confirm exact follow-up interval and pain management plan.,ROUTINE_CLINICIAN,Resolved,MODIFIED,Resource unavailable,NOISY,DIALECT_ENGLISH
CASE-1012,Mild bronchitis. Take cough syrup. Return to clinic if condition deteriorates.,Return if condition deteriorates,VAGUE_SYMPTOM_CONDITION,1,MODERATE,"Which specific signs (fever >38.5C, severe shortness of breath) constitute deterioration?",ROUTINE_CLINICIAN,Resolved,CONFIRMED,NONE,HIGH,ENGLISH_NATIVE
CASE-1013,Post-operative suture care. Come back in 3 days. Return to clinic next month.,Come back in 3 days and next month,CONTRADICTORY_TIMING,1,ROUTINE,Confirm whether suture removal is at day 3 or 30 days.,ROUTINE_CLINICIAN,Resolved,CONFIRMED,NONE,HIGH,ENGLISH_NATIVE
CASE-1014,pt revw in few dyas or wks if pain persist,pt revw few dyas,NOISY_NOTE,1,ROUTINE,Low-confidence text. Confirm exact follow-up interval and pain management plan.,ROUTINE_CLINICIAN,Resolved,MODIFIED,Specialist already contacted,NOISY,ENGLISH_NATIVE
CASE-1015,Patient started on antihypertensive therapy. Come back if symptoms get worse.,Come back if symptoms get worse,VAGUE_SYMPTOM_CONDITION,1,ROUTINE,What specific red-flag symptoms or BP thresholds define 'worse'?,ROUTINE_CLINICIAN,Resolved,CONFIRMED,NONE,HIGH,TRANSLATED_ENGLISH
CASE-1016,Patient started on thyroid supplement. Review in 5 days. Return after 3 months for blood test.,Review in 5 days and 3 months,CONTRADICTORY_TIMING,1,ROUTINE,Reconcile short-term review with 3-month blood test schedule.,ROUTINE_CLINICIAN,Resolved,CONFIRMED,NONE,HIGH,DIALECT_ENGLISH
CASE-1017,Consultation Summary: Hypertension consultation. BP recorded at 135/85 mmHg. Continue daily Amlodipine 5mg. Schedule follow-up visit on 15 September.,Follow-up on 15 September,NONE,0,ROUTINE,None required,NONE,Not Required,CONFIRMED,NONE,HIGH,STANDARD_ENGLISH
CASE-1018,chk BP agin latr nxt wk if high,chk BP latr,NOISY_NOTE,1,ROUTINE,Noisy input detected. Clarify exact target day and target blood pressure threshold.,ROUTINE_CLINICIAN,Resolved,MODIFIED,Patient preference,NOISY,ENGLISH_NATIVE
CASE-1019,Nurse Triage Note: Asthma exacerbation resolved after nebulization. Continue inhaler and come back soon.,Come back soon,FOLLOWUP_TIME_MISSING,1,ROUTINE,Specify the exact follow-up interval in days or weeks.,ROUTINE_CLINICIAN,Resolved,CONFIRMED,NONE,MEDIUM,ENGLISH_NATIVE
CASE-1020,refr specist if syncp recr,refr specist,NOISY_NOTE,1,MODERATE,Noisy text. Clarify referral criteria for recurrent syncope and target specialist.,SENIOR_CLINICIAN,Resolved,MODIFIED,Recommendation not applicable,NOISY,ENGLISH_NATIVE
CASE-1021,"Consultation Summary: Child presenting with lethargy, high grade fever and vomiting. Check tomorrow if worsens.",Check tomorrow despite severe pediatric lethargy,URGENCY_AMBIGUITY,1,HIGH,Urgency Conflict: Pediatric red-flag symptoms require urgent emergency triage!,IMMEDIATE_URGENT_REVIEW,Resolved,ESCALATED,NONE,HIGH,ENGLISH_NATIVE
CASE-1022,Upper respiratory tract infection. Advised bed rest and oral fluids. Return to clinic on Friday if not completely resolved.,Return on Friday if unresolved,NONE,0,ROUTINE,None required,NONE,Not Required,CONFIRMED,NONE,HIGH,DIALECT_ENGLISH
CASE-1023,Diabetic ulcer dressing changed. Clinic visit in 3 days.,Clinic visit in 3 days,MISSING_ACTION,1,ROUTINE,"Clarify whether visit is for dressing change, debridement, or physician review.",ROUTINE_CLINICIAN,Resolved,CONFIRMED,NONE,HIGH,STANDARD_ENGLISH
CASE-1024,Post-op wound check day 7. Wound healing cleanly with no signs of infection. Sutures removed. Next checkup in 10 days.,Checkup in 10 days,NONE,0,ROUTINE,None required,NONE,Not Required,CONFIRMED,NONE,HIGH,TRANSLATED_ENGLISH
CASE-1025,Acute chest pressure with radiation to left arm noted. Return if convenient.,Return if convenient despite acute chest pain,URGENCY_AMBIGUITY,1,HIGH,Urgency Conflict: Potential cardiac event with vague follow-up. Immediate emergency assessment required!,IMMEDIATE_URGENT_REVIEW,Resolved,ESCALATED,NONE,HIGH,STANDARD_ENGLISH
CASE-1026,Complex wound dressing. The health worker ought to monitor wound site.,Health worker ought to monitor,UNCLEAR_RESPONSIBILITY,1,ROUTINE,Designate named healthcare provider or specific clinic role for monitoring.,ROUTINE_CLINICIAN,Resolved,CONFIRMED,NONE,HIGH,STANDARD_ENGLISH
CASE-1027,"Child presenting with lethargy, high grade fever and vomiting. Check tomorrow if worsens.",Check tomorrow despite severe pediatric lethargy,URGENCY_AMBIGUITY,1,HIGH,Urgency Conflict: Pediatric red-flag symptoms require urgent emergency triage!,IMMEDIATE_URGENT_REVIEW,Resolved,ESCALATED,NONE,HIGH,STANDARD_ENGLISH
CASE-1028,Elevated blood pressure observed. Review scheduled for 10th August.,Review scheduled 10th August,MISSING_ACTION,1,ROUTINE,Identify required clinical procedure or test prior to review.,ROUTINE_CLINICIAN,Resolved,CONFIRMED,NONE,HIGH,STANDARD_ENGLISH
CASE-1029,,,MISSING_NOTE,1,ROUTINE,Clinical note is completely empty. Manual clinical review required before patient departure.,MANUAL_REVIEW,Resolved,REJECTED,Patient preference,EMPTY,DIALECT_ENGLISH
CASE-1030,Hypertension follow-up. Repeat BP check in 24 hours. Schedule follow-up in 6 weeks.,Repeat BP in 24h and 6 weeks,CONTRADICTORY_TIMING,1,ROUTINE,Clarify if 24-hour ambulatory check or 6-week routine visit is intended.,ROUTINE_CLINICIAN,Resolved,CONFIRMED,NONE,HIGH,TRANSLATED_ENGLISH
CASE-1031,Allergic dermatitis treated with antihistamines. Return to clinic at a convenient time.,Return at convenient time,FOLLOWUP_TIME_MISSING,1,ROUTINE,Define a specific follow-up target date for clinic visit.,ROUTINE_CLINICIAN,Resolved,MODIFIED,Other,HIGH,TRANSLATED_ENGLISH
CASE-1032,Type 2 diabetes routine check. HbA1c 7.2%. Continue Metformin 500mg BD. Re-check blood fasting sugar on Monday morning.,Fasting sugar recheck Monday,NONE,0,ROUTINE,None required,NONE,Not Required,CONFIRMED,NONE,HIGH,ENGLISH_NATIVE
CASE-1033,Nurse Triage Note: Persistent abdominal pain suspicious for gallstones. Consult specialist when appropriate.,Consult specialist when appropriate,UNCLEAR_SPECIALIST_REFERRAL,1,MODERATE,"Define referral criteria, target department (General Surgery/GI), and urgency timeline.",SENIOR_CLINICIAN,Resolved,CONFIRMED,NONE,HIGH,ENGLISH_NATIVE
CASE-1034,Iron deficiency anemia. Take ferrous sulfate tablets for a while then review.,Take tablets for a while,VAGUE_DURATION,1,ROUTINE,What is the intended treatment duration before rechecking blood count?,ROUTINE_CLINICIAN,Resolved,CONFIRMED,NONE,MEDIUM,ENGLISH_NATIVE
CASE-1035,Nurse Triage Note: Patient presenting with lumbar muscle strain. Continue treatment for some time.,Continue treatment for some time,VAGUE_DURATION,1,ROUTINE,How many days or weeks should treatment be continued?,ROUTINE_CLINICIAN,Resolved,CONFIRMED,NONE,HIGH,DIALECT_ENGLISH
CASE-1036,Mild osteoarthritis of right knee. Paracetamol 1g TDS prescribed as needed for pain. Follow up in 3 weeks at clinic.,Follow up in 3 weeks,NONE,0,ROUTINE,None required,NONE,Not Required,CONFIRMED,NONE,HIGH,ENGLISH_NATIVE
CASE-1037,Patient with fluctuating blood glucose levels. Someone should review the patient.,Someone should review the patient,UNCLEAR_RESPONSIBILITY,1,ROUTINE,"Who (duty doctor, community health nurse, endocrinologist) is responsible for review?",ROUTINE_CLINICIAN,Resolved,CONFIRMED,NONE,HIGH,DIALECT_ENGLISH
CASE-1038,Mild bronchitis. Take cough syrup. Return to clinic if condition deteriorates.,Return if condition deteriorates,VAGUE_SYMPTOM_CONDITION,1,MODERATE,"Which specific signs (fever >38.5C, severe shortness of breath) constitute deterioration?",ROUTINE_CLINICIAN,Resolved,CONFIRMED,NONE,HIGH,ENGLISH_NATIVE
CASE-1039,Patient completed course of antibiotics for urinary tract infection. Re-assess in a few days.,Re-assess in a few days,FOLLOWUP_TIME_MISSING,1,ROUTINE,Clarify the precise number of days before re-assessment.,ROUTINE_CLINICIAN,Resolved,CONFIRMED,NONE,HIGH,TRANSLATED_ENGLISH
CASE-1040,Patient started on antihypertensive therapy. Come back if symptoms get worse.,Come back if symptoms get worse,VAGUE_SYMPTOM_CONDITION,1,ROUTINE,What specific red-flag symptoms or BP thresholds define 'worse'?,ROUTINE_CLINICIAN,Resolved,CONFIRMED,NONE,HIGH,ENGLISH_NATIVE
CASE-1041,Nurse Triage Note: Upper respiratory tract infection. Advised bed rest and oral fluids. Return to clinic on Friday if not completely resolved.,Return on Friday if unresolved,NONE,0,ROUTINE,None required,NONE,Not Required,CONFIRMED,NONE,HIGH,TRANSLATED_ENGLISH
CASE-1042,,,MISSING_NOTE,1,ROUTINE,Clinical note is completely empty. Manual clinical review required before patient departure.,MANUAL_REVIEW,Resolved,REJECTED,Other,EMPTY,ENGLISH_NATIVE
CASE-1043,Mild osteoarthritis of right knee. Paracetamol 1g TDS prescribed as needed for pain. Follow up in 3 weeks at clinic.,Follow up in 3 weeks,NONE,0,ROUTINE,None required,NONE,Not Required,CONFIRMED,NONE,HIGH,TRANSLATED_ENGLISH
CASE-1044,follw up aftr 3 dys if condtion worsn,follw up 3 dys,NOISY_NOTE,1,ROUTINE,Low-confidence transcription. Verify if 'follow up after 3 days if condition worsens' was intended.,ROUTINE_CLINICIAN,Resolved,MODIFIED,Resource unavailable,NOISY,ENGLISH_NATIVE
CASE-1045,Outpatient Record: Hypertension consultation. BP recorded at 135/85 mmHg. Continue daily Amlodipine 5mg. Schedule follow-up visit on 15 September.,Follow-up on 15 September,NONE,0,ROUTINE,None required,NONE,Not Required,CONFIRMED,NONE,HIGH,STANDARD_ENGLISH
CASE-1046,Patient diagnosed with acute pharyngitis. Amoxicillin 500mg prescribed for 7 days. Return to clinic in 5 days for review.,Review in 5 days,NONE,0,ROUTINE,None required,NONE,Not Required,CONFIRMED,NONE,HIGH,DIALECT_ENGLISH
CASE-1047,Consultation Summary: Patient presenting with lumbar muscle strain. Continue treatment for some time.,Continue treatment for some time,VAGUE_DURATION,1,ROUTINE,How many days or weeks should treatment be continued?,ROUTINE_CLINICIAN,Resolved,CONFIRMED,NONE,HIGH,ENGLISH_NATIVE
CASE-1048,pt revw in few dyas or wks if pain persist,pt revw few dyas,NOISY_NOTE,1,ROUTINE,Low-confidence text. Confirm exact follow-up interval and pain management plan.,ROUTINE_CLINICIAN,Resolved,MODIFIED,Recommendation not applicable,NOISY,STANDARD_ENGLISH
CASE-1049,Patient presenting with mild eczema. Hydrocortisone cream applied. Return to rural health center in 2 weeks for reassessment.,Reassessment in 2 weeks,NONE,0,ROUTINE,None required,NONE,Not Required,CONFIRMED,NONE,HIGH,TRANSLATED_ENGLISH
CASE-1050,Nurse Triage Note: Complex wound dressing. The health worker ought to monitor wound site.,Health worker ought to monitor,UNCLEAR_RESPONSIBILITY,1,ROUTINE,Designate named healthcare provider or specific clinic role for monitoring.,ROUTINE_CLINICIAN,Resolved,CONFIRMED,NONE,HIGH,ENGLISH_NATIVE
CASE-1051,Upper respiratory tract infection. Advised bed rest and oral fluids. Return to clinic on Friday if not completely resolved.,Return on Friday if unresolved,NONE,0,ROUTINE,None required,NONE,Not Required,CONFIRMED,NONE,HIGH,TRANSLATED_ENGLISH
CASE-1052,Patient consultation for chronic back pain. Follow-up in one week.,Follow-up in one week,MISSING_ACTION,1,ROUTINE,"What specific action (BP check, lab test, medication review) is required at follow-up?",ROUTINE_CLINICIAN,Resolved,CONFIRMED,NONE,HIGH,STANDARD_ENGLISH
CASE-1053,chk BP agin latr nxt wk if high,chk BP latr,NOISY_NOTE,1,ROUTINE,Noisy input detected. Clarify exact target day and target blood pressure threshold.,ROUTINE_CLINICIAN,Resolved,MODIFIED,Recommendation not applicable,NOISY,DIALECT_ENGLISH
CASE-1054,chk BP agin latr nxt wk if high,chk BP latr,NOISY_NOTE,1,ROUTINE,Noisy input detected. Clarify exact target day and target blood pressure threshold.,ROUTINE_CLINICIAN,Resolved,MODIFIED,Other,NOISY,TRANSLATED_ENGLISH
CASE-1055,Mild bronchitis. Take cough syrup. Return to clinic if condition deteriorates.,Return if condition deteriorates,VAGUE_SYMPTOM_CONDITION,1,MODERATE,"Which specific signs (fever >38.5C, severe shortness of breath) constitute deterioration?",ROUTINE_CLINICIAN,Resolved,CONFIRMED,NONE,HIGH,ENGLISH_NATIVE
CASE-1056,Patient diagnosed with acute pharyngitis. Amoxicillin 500mg prescribed for 7 days. Return to clinic in 5 days for review.,Review in 5 days,NONE,0,ROUTINE,None required,NONE,Not Required,CONFIRMED,NONE,HIGH,STANDARD_ENGLISH
CASE-1057,Elevated blood pressure observed. Review scheduled for 10th August.,Review scheduled 10th August,MISSING_ACTION,1,ROUTINE,Identify required clinical procedure or test prior to review.,ROUTINE_CLINICIAN,Resolved,CONFIRMED,NONE,HIGH,DIALECT_ENGLISH
CASE-1058,Patient consultation for chronic back pain. Follow-up in one week.,Follow-up in one week,MISSING_ACTION,1,ROUTINE,"What specific action (BP check, lab test, medication review) is required at follow-up?",ROUTINE_CLINICIAN,Resolved,CONFIRMED,NONE,HIGH,DIALECT_ENGLISH
CASE-1059,Iron deficiency anemia. Take ferrous sulfate tablets for a while then review.,Take tablets for a while,VAGUE_DURATION,1,ROUTINE,What is the intended treatment duration before rechecking blood count?,ROUTINE_CLINICIAN,Resolved,CONFIRMED,NONE,MEDIUM,DIALECT_ENGLISH
CASE-1060,Iron deficiency anemia. Take ferrous sulfate tablets for a while then review.,Take tablets for a while,VAGUE_DURATION,1,ROUTINE,What is the intended treatment duration before rechecking blood count?,ROUTINE_CLINICIAN,Resolved,CONFIRMED,NONE,MEDIUM,STANDARD_ENGLISH
CASE-1061,Pediatric fever settled. See nurse next Monday.,See nurse next Monday,MISSING_ACTION,1,ROUTINE,"Specify the action needed (growth monitoring, repeat temperature check, vaccination).",ROUTINE_CLINICIAN,Resolved,CONFIRMED,NONE,HIGH,TRANSLATED_ENGLISH
CASE-1062,"Minor head injury evaluated, CT normal. Patient advised to return for follow-up after some time.",Follow-up after some time,FOLLOWUP_TIME_MISSING,1,ROUTINE,What exact date or number of days should be used for follow-up?,ROUTINE_CLINICIAN,Resolved,CONFIRMED,NONE,HIGH,TRANSLATED_ENGLISH
CASE-1063,   ,N/A,MISSING_NOTE,1,ROUTINE,Clinical note contains only whitespace. Manual clinical review required.,MANUAL_REVIEW,Resolved,REJECTED,Other,EMPTY,TRANSLATED_ENGLISH
CASE-1064,Outpatient Record: Allergic dermatitis treated with antihistamines. Return to clinic at a convenient time.,Return at convenient time,FOLLOWUP_TIME_MISSING,1,ROUTINE,Define a specific follow-up target date for clinic visit.,ROUTINE_CLINICIAN,Resolved,MODIFIED,Already addressed,HIGH,ENGLISH_NATIVE
CASE-1065,Consultation Summary: Persistent abdominal pain suspicious for gallstones. Consult specialist when appropriate.,Consult specialist when appropriate,UNCLEAR_SPECIALIST_REFERRAL,1,MODERATE,"Define referral criteria, target department (General Surgery/GI), and urgency timeline.",SENIOR_CLINICIAN,Resolved,CONFIRMED,NONE,HIGH,DIALECT_ENGLISH
CASE-1066,Persistent abdominal pain suspicious for gallstones. Consult specialist when appropriate.,Consult specialist when appropriate,UNCLEAR_SPECIALIST_REFERRAL,1,MODERATE,"Define referral criteria, target department (General Surgery/GI), and urgency timeline.",SENIOR_CLINICIAN,Resolved,CONFIRMED,NONE,HIGH,ENGLISH_NATIVE
CASE-1067,Patient with fluctuating blood glucose levels. Someone should review the patient.,Someone should review the patient,UNCLEAR_RESPONSIBILITY,1,ROUTINE,"Who (duty doctor, community health nurse, endocrinologist) is responsible for review?",ROUTINE_CLINICIAN,Resolved,CONFIRMED,NONE,HIGH,DIALECT_ENGLISH
CASE-1068,Nurse Triage Note: Skin lesion showing irregular borders. Refer to expert if needed.,Refer to expert if needed,UNCLEAR_SPECIALIST_REFERRAL,1,MODERATE,"Specify Dermatology referral trigger (biopsy result, size increase) and referral priority.",SENIOR_CLINICIAN,Resolved,CONFIRMED,NONE,HIGH,STANDARD_ENGLISH
CASE-1069,Pediatric fever settled. See nurse next Monday.,See nurse next Monday,MISSING_ACTION,1,ROUTINE,"Specify the action needed (growth monitoring, repeat temperature check, vaccination).",ROUTINE_CLINICIAN,Resolved,CONFIRMED,NONE,HIGH,DIALECT_ENGLISH
CASE-1070,Outpatient Record: Patient presenting with mild eczema. Hydrocortisone cream applied. Return to rural health center in 2 weeks for reassessment.,Reassessment in 2 weeks,NONE,0,ROUTINE,None required,NONE,Not Required,CONFIRMED,NONE,HIGH,STANDARD_ENGLISH
CASE-1071,Mild gastritis symptoms. Continue PPI medication as long as needed.,Continue PPI as long as needed,VAGUE_DURATION,1,ROUTINE,Define maximum treatment duration and clear review threshold.,ROUTINE_CLINICIAN,Resolved,CONFIRMED,NONE,HIGH,TRANSLATED_ENGLISH
CASE-1072,Mild bronchitis. Take cough syrup. Return to clinic if condition deteriorates.,Return if condition deteriorates,VAGUE_SYMPTOM_CONDITION,1,MODERATE,"Which specific signs (fever >38.5C, severe shortness of breath) constitute deterioration?",ROUTINE_CLINICIAN,Resolved,CONFIRMED,NONE,HIGH,TRANSLATED_ENGLISH
CASE-1073,   ,N/A,MISSING_NOTE,1,ROUTINE,Clinical note contains only whitespace. Manual clinical review required.,MANUAL_REVIEW,Resolved,REJECTED,Recommendation not applicable,EMPTY,ENGLISH_NATIVE
CASE-1074,Rural Clinic Visit Note: Fungal skin infection on forearm. Apply anti-fungal ointment for a couple of days.,Apply ointment for a couple of days,VAGUE_DURATION,1,ROUTINE,"Specify exact duration of ointment application (e.g., 7 or 14 days).",ROUTINE_CLINICIAN,Resolved,CONFIRMED,NONE,HIGH,TRANSLATED_ENGLISH
CASE-1075,,,MISSING_NOTE,1,ROUTINE,Clinical note is completely empty. Manual clinical review required before patient departure.,MANUAL_REVIEW,Resolved,REJECTED,Already addressed,EMPTY,DIALECT_ENGLISH
CASE-1076,follw up aftr 3 dys if condtion worsn,follw up 3 dys,NOISY_NOTE,1,ROUTINE,Low-confidence transcription. Verify if 'follow up after 3 days if condition worsens' was intended.,ROUTINE_CLINICIAN,Resolved,MODIFIED,Already addressed,NOISY,STANDARD_ENGLISH
CASE-1077,Patient with chest congestion. Review tomorrow. Follow-up after two weeks.,Review tomorrow and after 2 weeks,CONTRADICTORY_TIMING,1,MODERATE,Resolve conflict: Is immediate review needed tomorrow or routine follow-up in 2 weeks?,ROUTINE_CLINICIAN,Resolved,CONFIRMED,NONE,HIGH,DIALECT_ENGLISH
CASE-1078,Outpatient Record: Pediatric fever settled. See nurse next Monday.,See nurse next Monday,MISSING_ACTION,1,ROUTINE,"Specify the action needed (growth monitoring, repeat temperature check, vaccination).",ROUTINE_CLINICIAN,Resolved,CONFIRMED,NONE,HIGH,DIALECT_ENGLISH
CASE-1079,Consultation Summary: Patient has worsening breathing difficulty. Review later.,Review later despite worsening dyspnea,URGENCY_AMBIGUITY,1,HIGH,Urgency Conflict: Severe respiratory symptom combined with delayed review. Immediate clinical evaluation required!,IMMEDIATE_URGENT_REVIEW,Resolved,ESCALATED,NONE,HIGH,DIALECT_ENGLISH
CASE-1080,Type 2 diabetes routine check. HbA1c 7.2%. Continue Metformin 500mg BD. Re-check blood fasting sugar on Monday morning.,Fasting sugar recheck Monday,NONE,0,ROUTINE,None required,NONE,Not Required,CONFIRMED,NONE,HIGH,STANDARD_ENGLISH
CASE-1081,Patient presenting with mild eczema. Hydrocortisone cream applied. Return to rural health center in 2 weeks for reassessment.,Reassessment in 2 weeks,NONE,0,ROUTINE,None required,NONE,Not Required,CONFIRMED,NONE,HIGH,DIALECT_ENGLISH
CASE-1082,Mild osteoarthritis of right knee. Paracetamol 1g TDS prescribed as needed for pain. Follow up in 3 weeks at clinic.,Follow up in 3 weeks,NONE,0,ROUTINE,None required,NONE,Not Required,CONFIRMED,NONE,HIGH,ENGLISH_NATIVE
CASE-1083,Patient presenting with mild eczema. Hydrocortisone cream applied. Return to rural health center in 2 weeks for reassessment.,Reassessment in 2 weeks,NONE,0,ROUTINE,None required,NONE,Not Required,CONFIRMED,NONE,HIGH,DIALECT_ENGLISH
CASE-1084,"Rural Clinic Visit Note: Minor head injury evaluated, CT normal. Patient advised to return for follow-up after some time.",Follow-up after some time,FOLLOWUP_TIME_MISSING,1,ROUTINE,What exact date or number of days should be used for follow-up?,ROUTINE_CLINICIAN,Resolved,CONFIRMED,NONE,HIGH,STANDARD_ENGLISH
CASE-1085,Mild gastritis symptoms. Continue PPI medication as long as needed.,Continue PPI as long as needed,VAGUE_DURATION,1,ROUTINE,Define maximum treatment duration and clear review threshold.,ROUTINE_CLINICIAN,Resolved,CONFIRMED,NONE,HIGH,TRANSLATED_ENGLISH
CASE-1086,Hypertension follow-up. Repeat BP check in 24 hours. Schedule follow-up in 6 weeks.,Repeat BP in 24h and 6 weeks,CONTRADICTORY_TIMING,1,ROUTINE,Clarify if 24-hour ambulatory check or 6-week routine visit is intended.,ROUTINE_CLINICIAN,Resolved,CONFIRMED,NONE,HIGH,STANDARD_ENGLISH
CASE-1087,Nurse Triage Note: Post-traumatic abdominal rigidity and tachycardia. Follow-up next week.,Follow-up next week despite acute abdomen,URGENCY_AMBIGUITY,1,HIGH,Urgency Conflict: Suspected internal bleeding requiring immediate surgical evaluation!,IMMEDIATE_URGENT_REVIEW,Resolved,ESCALATED,NONE,HIGH,STANDARD_ENGLISH
CASE-1088,"Consultation Summary: Child presenting with lethargy, high grade fever and vomiting. Check tomorrow if worsens.",Check tomorrow despite severe pediatric lethargy,URGENCY_AMBIGUITY,1,HIGH,Urgency Conflict: Pediatric red-flag symptoms require urgent emergency triage!,IMMEDIATE_URGENT_REVIEW,Resolved,ESCALATED,NONE,HIGH,ENGLISH_NATIVE
CASE-1089,chk BP agin latr nxt wk if high,chk BP latr,NOISY_NOTE,1,ROUTINE,Noisy input detected. Clarify exact target day and target blood pressure threshold.,ROUTINE_CLINICIAN,Resolved,MODIFIED,False positive,NOISY,ENGLISH_NATIVE
CASE-1090,Persistent abdominal pain suspicious for gallstones. Consult specialist when appropriate.,Consult specialist when appropriate,UNCLEAR_SPECIALIST_REFERRAL,1,MODERATE,"Define referral criteria, target department (General Surgery/GI), and urgency timeline.",SENIOR_CLINICIAN,Resolved,CONFIRMED,NONE,HIGH,STANDARD_ENGLISH
CASE-1091,Patient diagnosed with acute pharyngitis. Amoxicillin 500mg prescribed for 7 days. Return to clinic in 5 days for review.,Review in 5 days,NONE,0,ROUTINE,None required,NONE,Not Required,CONFIRMED,NONE,HIGH,TRANSLATED_ENGLISH
CASE-1092,Hypertension follow-up. Repeat BP check in 24 hours. Schedule follow-up in 6 weeks.,Repeat BP in 24h and 6 weeks,CONTRADICTORY_TIMING,1,ROUTINE,Clarify if 24-hour ambulatory check or 6-week routine visit is intended.,ROUTINE_CLINICIAN,Resolved,CONFIRMED,NONE,HIGH,ENGLISH_NATIVE
CASE-1093,Complex wound dressing. The health worker ought to monitor wound site.,Health worker ought to monitor,UNCLEAR_RESPONSIBILITY,1,ROUTINE,Designate named healthcare provider or specific clinic role for monitoring.,ROUTINE_CLINICIAN,Resolved,CONFIRMED,NONE,HIGH,DIALECT_ENGLISH
CASE-1094,Iron deficiency anemia. Take ferrous sulfate tablets for a while then review.,Take tablets for a while,VAGUE_DURATION,1,ROUTINE,What is the intended treatment duration before rechecking blood count?,ROUTINE_CLINICIAN,Resolved,CONFIRMED,NONE,MEDIUM,TRANSLATED_ENGLISH
CASE-1095,Diabetic ulcer dressing changed. Clinic visit in 3 days.,Clinic visit in 3 days,MISSING_ACTION,1,ROUTINE,"Clarify whether visit is for dressing change, debridement, or physician review.",ROUTINE_CLINICIAN,Resolved,CONFIRMED,NONE,HIGH,TRANSLATED_ENGLISH
CASE-1096,Suspected glaucoma with elevated intraocular pressure. Refer to specialist if necessary.,Refer to specialist if necessary,UNCLEAR_SPECIALIST_REFERRAL,1,MODERATE,Which specialist department (Ophthalmology) and under what exact criteria?,SENIOR_CLINICIAN,Resolved,CONFIRMED,NONE,HIGH,TRANSLATED_ENGLISH
CASE-1097,Complex wound dressing. The health worker ought to monitor wound site.,Health worker ought to monitor,UNCLEAR_RESPONSIBILITY,1,ROUTINE,Designate named healthcare provider or specific clinic role for monitoring.,ROUTINE_CLINICIAN,Resolved,CONFIRMED,NONE,HIGH,ENGLISH_NATIVE
CASE-1098,Mild osteoarthritis of right knee. Paracetamol 1g TDS prescribed as needed for pain. Follow up in 3 weeks at clinic.,Follow up in 3 weeks,NONE,0,ROUTINE,None required,NONE,Not Required,CONFIRMED,NONE,HIGH,TRANSLATED_ENGLISH
CASE-1099,Type 2 diabetes routine check. HbA1c 7.2%. Continue Metformin 500mg BD. Re-check blood fasting sugar on Monday morning.,Fasting sugar recheck Monday,NONE,0,ROUTINE,None required,NONE,Not Required,CONFIRMED,NONE,HIGH,STANDARD_ENGLISH
CASE-1100,Post-vaccination fever and arm pain. Re-consult if patient feels unwell.,Re-consult if feels unwell,VAGUE_SYMPTOM_CONDITION,1,ROUTINE,"Clarify parameters for re-consultation (e.g., persistent fever >48 hours).",ROUTINE_CLINICIAN,Resolved,CONFIRMED,NONE,HIGH,STANDARD_ENGLISH
CASE-1101,refr specist if syncp recr,refr specist,NOISY_NOTE,1,MODERATE,Noisy text. Clarify referral criteria for recurrent syncope and target specialist.,SENIOR_CLINICIAN,Resolved,MODIFIED,Already addressed,NOISY,STANDARD_ENGLISH
CASE-1102,Hypertension consultation. BP recorded at 135/85 mmHg. Continue daily Amlodipine 5mg. Schedule follow-up visit on 15 September.,Follow-up on 15 September,NONE,0,ROUTINE,None required,NONE,Not Required,CONFIRMED,NONE,HIGH,STANDARD_ENGLISH
CASE-1103,Conjunctivitis treated with antibiotic drops. Return if eyes look bad.,Return if eyes look bad,VAGUE_SYMPTOM_CONDITION,1,ROUTINE,"Define clinical indicators (increased discharge, vision change, severe pain).",ROUTINE_CLINICIAN,Resolved,CONFIRMED,NONE,HIGH,TRANSLATED_ENGLISH
CASE-1104,Outpatient Record: Acute chest pressure with radiation to left arm noted. Return if convenient.,Return if convenient despite acute chest pain,URGENCY_AMBIGUITY,1,HIGH,Urgency Conflict: Potential cardiac event with vague follow-up. Immediate emergency assessment required!,IMMEDIATE_URGENT_REVIEW,Resolved,ESCALATED,NONE,HIGH,DIALECT_ENGLISH
CASE-1105,Patient started on thyroid supplement. Review in 5 days. Return after 3 months for blood test.,Review in 5 days and 3 months,CONTRADICTORY_TIMING,1,ROUTINE,Reconcile short-term review with 3-month blood test schedule.,ROUTINE_CLINICIAN,Resolved,CONFIRMED,NONE,HIGH,DIALECT_ENGLISH
CASE-1106,follw up aftr 3 dys if condtion worsn,follw up 3 dys,NOISY_NOTE,1,ROUTINE,Low-confidence transcription. Verify if 'follow up after 3 days if condition worsens' was intended.,ROUTINE_CLINICIAN,Resolved,MODIFIED,False positive,NOISY,ENGLISH_NATIVE
CASE-1107,Asthma exacerbation resolved after nebulization. Continue inhaler and come back soon.,Come back soon,FOLLOWUP_TIME_MISSING,1,ROUTINE,Specify the exact follow-up interval in days or weeks.,ROUTINE_CLINICIAN,Resolved,CONFIRMED,NONE,MEDIUM,STANDARD_ENGLISH
CASE-1108,Type 2 diabetes routine check. HbA1c 7.2%. Continue Metformin 500mg BD. Re-check blood fasting sugar on Monday morning.,Fasting sugar recheck Monday,NONE,0,ROUTINE,None required,NONE,Not Required,CONFIRMED,NONE,HIGH,DIALECT_ENGLISH
CASE-1109,Patient presenting with mild eczema. Hydrocortisone cream applied. Return to rural health center in 2 weeks for reassessment.,Reassessment in 2 weeks,NONE,0,ROUTINE,None required,NONE,Not Required,CONFIRMED,NONE,HIGH,ENGLISH_NATIVE
CASE-1110,refr specist if syncp recr,refr specist,NOISY_NOTE,1,MODERATE,Noisy text. Clarify referral criteria for recurrent syncope and target specialist.,SENIOR_CLINICIAN,Resolved,MODIFIED,False positive,NOISY,TRANSLATED_ENGLISH
CASE-1111,,,MISSING_NOTE,1,ROUTINE,Clinical note is completely empty. Manual clinical review required before patient departure.,MANUAL_REVIEW,Resolved,REJECTED,Clinical context differs,EMPTY,TRANSLATED_ENGLISH
CASE-1112,Type 2 diabetes routine check. HbA1c 7.2%. Continue Metformin 500mg BD. Re-check blood fasting sugar on Monday morning.,Fasting sugar recheck Monday,NONE,0,ROUTINE,None required,NONE,Not Required,CONFIRMED,NONE,HIGH,DIALECT_ENGLISH
CASE-1113,Post-vaccination fever and arm pain. Re-consult if patient feels unwell.,Re-consult if feels unwell,VAGUE_SYMPTOM_CONDITION,1,ROUTINE,"Clarify parameters for re-consultation (e.g., persistent fever >48 hours).",ROUTINE_CLINICIAN,Resolved,CONFIRMED,NONE,HIGH,ENGLISH_NATIVE
CASE-1114,Patient diagnosed with acute pharyngitis. Amoxicillin 500mg prescribed for 7 days. Return to clinic in 5 days for review.,Review in 5 days,NONE,0,ROUTINE,None required,NONE,Not Required,CONFIRMED,NONE,HIGH,ENGLISH_NATIVE
CASE-1115,"Child presenting with lethargy, high grade fever and vomiting. Check tomorrow if worsens.",Check tomorrow despite severe pediatric lethargy,URGENCY_AMBIGUITY,1,HIGH,Urgency Conflict: Pediatric red-flag symptoms require urgent emergency triage!,IMMEDIATE_URGENT_REVIEW,Resolved,ESCALATED,NONE,HIGH,ENGLISH_NATIVE
CASE-1116,Mild osteoarthritis of right knee. Paracetamol 1g TDS prescribed as needed for pain. Follow up in 3 weeks at clinic.,Follow up in 3 weeks,NONE,0,ROUTINE,None required,NONE,Not Required,CONFIRMED,NONE,HIGH,TRANSLATED_ENGLISH
CASE-1117,refr specist if syncp recr,refr specist,NOISY_NOTE,1,MODERATE,Noisy text. Clarify referral criteria for recurrent syncope and target specialist.,SENIOR_CLINICIAN,Resolved,MODIFIED,Other,NOISY,TRANSLATED_ENGLISH
CASE-1118,"Child presenting with lethargy, high grade fever and vomiting. Check tomorrow if worsens.",Check tomorrow despite severe pediatric lethargy,URGENCY_AMBIGUITY,1,HIGH,Urgency Conflict: Pediatric red-flag symptoms require urgent emergency triage!,IMMEDIATE_URGENT_REVIEW,Resolved,ESCALATED,NONE,HIGH,ENGLISH_NATIVE
CASE-1119,Allergic dermatitis treated with antihistamines. Return to clinic at a convenient time.,Return at convenient time,FOLLOWUP_TIME_MISSING,1,ROUTINE,Define a specific follow-up target date for clinic visit.,ROUTINE_CLINICIAN,Resolved,MODIFIED,Patient preference,HIGH,DIALECT_ENGLISH
CASE-1120,   ,N/A,MISSING_NOTE,1,ROUTINE,Clinical note contains only whitespace. Manual clinical review required.,MANUAL_REVIEW,Resolved,REJECTED,Already addressed,EMPTY,STANDARD_ENGLISH
CASE-1121,Suspected glaucoma with elevated intraocular pressure. Refer to specialist if necessary.,Refer to specialist if necessary,UNCLEAR_SPECIALIST_REFERRAL,1,MODERATE,Which specialist department (Ophthalmology) and under what exact criteria?,SENIOR_CLINICIAN,Resolved,CONFIRMED,NONE,HIGH,STANDARD_ENGLISH
CASE-1122,Mild osteoarthritis of right knee. Paracetamol 1g TDS prescribed as needed for pain. Follow up in 3 weeks at clinic.,Follow up in 3 weeks,NONE,0,ROUTINE,None required,NONE,Not Required,CONFIRMED,NONE,HIGH,DIALECT_ENGLISH
CASE-1123,Rural Clinic Visit Note: Patient presenting with lumbar muscle strain. Continue treatment for some time.,Continue treatment for some time,VAGUE_DURATION,1,ROUTINE,How many days or weeks should treatment be continued?,ROUTINE_CLINICIAN,Resolved,CONFIRMED,NONE,HIGH,DIALECT_ENGLISH
CASE-1124,Skin lesion showing irregular borders. Refer to expert if needed.,Refer to expert if needed,UNCLEAR_SPECIALIST_REFERRAL,1,MODERATE,"Specify Dermatology referral trigger (biopsy result, size increase) and referral priority.",SENIOR_CLINICIAN,Resolved,CONFIRMED,NONE,HIGH,TRANSLATED_ENGLISH
CASE-1125,Post-traumatic abdominal rigidity and tachycardia. Follow-up next week.,Follow-up next week despite acute abdomen,URGENCY_AMBIGUITY,1,HIGH,Urgency Conflict: Suspected internal bleeding requiring immediate surgical evaluation!,IMMEDIATE_URGENT_REVIEW,Resolved,ESCALATED,NONE,HIGH,TRANSLATED_ENGLISH
CASE-1126,Hypertension follow-up. Repeat BP check in 24 hours. Schedule follow-up in 6 weeks.,Repeat BP in 24h and 6 weeks,CONTRADICTORY_TIMING,1,ROUTINE,Clarify if 24-hour ambulatory check or 6-week routine visit is intended.,ROUTINE_CLINICIAN,Resolved,CONFIRMED,NONE,HIGH,DIALECT_ENGLISH
CASE-1127,Nurse Triage Note: chk BP agin latr nxt wk if high,chk BP latr,NOISY_NOTE,1,ROUTINE,Noisy input detected. Clarify exact target day and target blood pressure threshold.,ROUTINE_CLINICIAN,Resolved,MODIFIED,Clinical context differs,NOISY,STANDARD_ENGLISH
CASE-1128,Rural Clinic Visit Note: Patient with chest congestion. Review tomorrow. Follow-up after two weeks.,Review tomorrow and after 2 weeks,CONTRADICTORY_TIMING,1,MODERATE,Resolve conflict: Is immediate review needed tomorrow or routine follow-up in 2 weeks?,ROUTINE_CLINICIAN,Resolved,CONFIRMED,NONE,HIGH,ENGLISH_NATIVE
CASE-1129,Outpatient Record: Hypertension follow-up. Repeat BP check in 24 hours. Schedule follow-up in 6 weeks.,Repeat BP in 24h and 6 weeks,CONTRADICTORY_TIMING,1,ROUTINE,Clarify if 24-hour ambulatory check or 6-week routine visit is intended.,ROUTINE_CLINICIAN,Resolved,CONFIRMED,NONE,HIGH,DIALECT_ENGLISH
CASE-1130,Patient treated for gastroenteritis with oral rehydration salts. Review the patient later.,Review later,FOLLOWUP_TIME_MISSING,1,ROUTINE,When exactly should the patient return for follow-up?,ROUTINE_CLINICIAN,Resolved,CONFIRMED,NONE,HIGH,ENGLISH_NATIVE
CASE-1131,Consultation Summary: Suspected glaucoma with elevated intraocular pressure. Refer to specialist if necessary.,Refer to specialist if necessary,UNCLEAR_SPECIALIST_REFERRAL,1,MODERATE,Which specialist department (Ophthalmology) and under what exact criteria?,SENIOR_CLINICIAN,Resolved,CONFIRMED,NONE,HIGH,TRANSLATED_ENGLISH
CASE-1132,Type 2 diabetes routine check. HbA1c 7.2%. Continue Metformin 500mg BD. Re-check blood fasting sugar on Monday morning.,Fasting sugar recheck Monday,NONE,0,ROUTINE,None required,NONE,Not Required,CONFIRMED,NONE,HIGH,DIALECT_ENGLISH
CASE-1133,Mild bronchitis. Take cough syrup. Return to clinic if condition deteriorates.,Return if condition deteriorates,VAGUE_SYMPTOM_CONDITION,1,MODERATE,"Which specific signs (fever >38.5C, severe shortness of breath) constitute deterioration?",ROUTINE_CLINICIAN,Resolved,CONFIRMED,NONE,HIGH,TRANSLATED_ENGLISH
CASE-1134,Elevated blood pressure observed. Review scheduled for 10th August.,Review scheduled 10th August,MISSING_ACTION,1,ROUTINE,Identify required clinical procedure or test prior to review.,ROUTINE_CLINICIAN,Resolved,CONFIRMED,NONE,HIGH,ENGLISH_NATIVE
CASE-1135,Mild osteoarthritis of right knee. Paracetamol 1g TDS prescribed as needed for pain. Follow up in 3 weeks at clinic.,Follow up in 3 weeks,NONE,0,ROUTINE,None required,NONE,Not Required,CONFIRMED,NONE,HIGH,STANDARD_ENGLISH
CASE-1136,Nurse Triage Note: Patient presenting with lumbar muscle strain. Continue treatment for some time.,Continue treatment for some time,VAGUE_DURATION,1,ROUTINE,How many days or weeks should treatment be continued?,ROUTINE_CLINICIAN,Resolved,CONFIRMED,NONE,HIGH,TRANSLATED_ENGLISH
CASE-1137,,,MISSING_NOTE,1,ROUTINE,Clinical note is completely empty. Manual clinical review required before patient departure.,MANUAL_REVIEW,Resolved,REJECTED,False positive,EMPTY,TRANSLATED_ENGLISH
CASE-1138,Nurse Triage Note: Conjunctivitis treated with antibiotic drops. Return if eyes look bad.,Return if eyes look bad,VAGUE_SYMPTOM_CONDITION,1,ROUTINE,"Define clinical indicators (increased discharge, vision change, severe pain).",ROUTINE_CLINICIAN,Resolved,CONFIRMED,NONE,HIGH,TRANSLATED_ENGLISH
CASE-1139,,,MISSING_NOTE,1,ROUTINE,Clinical note is completely empty. Manual clinical review required before patient departure.,MANUAL_REVIEW,Resolved,REJECTED,Specialist already contacted,EMPTY,DIALECT_ENGLISH
CASE-1140,Complex wound dressing. The health worker ought to monitor wound site.,Health worker ought to monitor,UNCLEAR_RESPONSIBILITY,1,ROUTINE,Designate named healthcare provider or specific clinic role for monitoring.,ROUTINE_CLINICIAN,Resolved,CONFIRMED,NONE,HIGH,DIALECT_ENGLISH
CASE-1141,Patient with chest congestion. Review tomorrow. Follow-up after two weeks.,Review tomorrow and after 2 weeks,CONTRADICTORY_TIMING,1,MODERATE,Resolve conflict: Is immediate review needed tomorrow or routine follow-up in 2 weeks?,ROUTINE_CLINICIAN,Resolved,CONFIRMED,NONE,HIGH,TRANSLATED_ENGLISH
CASE-1142,Diabetic ulcer dressing changed. Clinic visit in 3 days.,Clinic visit in 3 days,MISSING_ACTION,1,ROUTINE,"Clarify whether visit is for dressing change, debridement, or physician review.",ROUTINE_CLINICIAN,Resolved,CONFIRMED,NONE,HIGH,ENGLISH_NATIVE
CASE-1143,Patient treated for gastroenteritis with oral rehydration salts. Review the patient later.,Review later,FOLLOWUP_TIME_MISSING,1,ROUTINE,When exactly should the patient return for follow-up?,ROUTINE_CLINICIAN,Resolved,CONFIRMED,NONE,HIGH,STANDARD_ENGLISH
CASE-1144,,,MISSING_NOTE,1,ROUTINE,Clinical note is completely empty. Manual clinical review required before patient departure.,MANUAL_REVIEW,Resolved,REJECTED,Other,EMPTY,DIALECT_ENGLISH
CASE-1145,Rural Clinic Visit Note: Patient presenting with mild eczema. Hydrocortisone cream applied. Return to rural health center in 2 weeks for reassessment.,Reassessment in 2 weeks,NONE,0,ROUTINE,None required,NONE,Not Required,CONFIRMED,NONE,HIGH,STANDARD_ENGLISH
CASE-1146,Allergic dermatitis treated with antihistamines. Return to clinic at a convenient time.,Return at convenient time,FOLLOWUP_TIME_MISSING,1,ROUTINE,Define a specific follow-up target date for clinic visit.,ROUTINE_CLINICIAN,Resolved,MODIFIED,Patient preference,HIGH,STANDARD_ENGLISH
CASE-1147,Patient presenting with lumbar muscle strain. Continue treatment for some time.,Continue treatment for some time,VAGUE_DURATION,1,ROUTINE,How many days or weeks should treatment be continued?,ROUTINE_CLINICIAN,Resolved,CONFIRMED,NONE,HIGH,ENGLISH_NATIVE
CASE-1148,pt revw in few dyas or wks if pain persist,pt revw few dyas,NOISY_NOTE,1,ROUTINE,Low-confidence text. Confirm exact follow-up interval and pain management plan.,ROUTINE_CLINICIAN,Resolved,MODIFIED,Clinical context differs,NOISY,DIALECT_ENGLISH
CASE-1149,Mild gastritis symptoms. Continue PPI medication as long as needed.,Continue PPI as long as needed,VAGUE_DURATION,1,ROUTINE,Define maximum treatment duration and clear review threshold.,ROUTINE_CLINICIAN,Resolved,CONFIRMED,NONE,HIGH,DIALECT_ENGLISH
CASE-1150,Rural Clinic Visit Note: Persistent abdominal pain suspicious for gallstones. Consult specialist when appropriate.,Consult specialist when appropriate,UNCLEAR_SPECIALIST_REFERRAL,1,MODERATE,"Define referral criteria, target department (General Surgery/GI), and urgency timeline.",SENIOR_CLINICIAN,Resolved,CONFIRMED,NONE,HIGH,DIALECT_ENGLISH
CASE-1151,Post-discharge stroke rehabilitation. Patient needs to be checked regularly.,Patient needs to be checked regularly,UNCLEAR_RESPONSIBILITY,1,ROUTINE,Assign explicit staff role responsible for regular checks.,ROUTINE_CLINICIAN,Resolved,CONFIRMED,NONE,HIGH,STANDARD_ENGLISH
CASE-1152,Post-operative suture care. Come back in 3 days. Return to clinic next month.,Come back in 3 days and next month,CONTRADICTORY_TIMING,1,ROUTINE,Confirm whether suture removal is at day 3 or 30 days.,ROUTINE_CLINICIAN,Resolved,CONFIRMED,NONE,HIGH,TRANSLATED_ENGLISH
CASE-1153,Nurse Triage Note: Elevated blood pressure observed. Review scheduled for 10th August.,Review scheduled 10th August,MISSING_ACTION,1,ROUTINE,Identify required clinical procedure or test prior to review.,ROUTINE_CLINICIAN,Resolved,CONFIRMED,NONE,HIGH,STANDARD_ENGLISH
CASE-1154,Upper respiratory tract infection. Advised bed rest and oral fluids. Return to clinic on Friday if not completely resolved.,Return on Friday if unresolved,NONE,0,ROUTINE,None required,NONE,Not Required,CONFIRMED,NONE,HIGH,STANDARD_ENGLISH
CASE-1155,Rural Clinic Visit Note: Patient with chest congestion. Review tomorrow. Follow-up after two weeks.,Review tomorrow and after 2 weeks,CONTRADICTORY_TIMING,1,MODERATE,Resolve conflict: Is immediate review needed tomorrow or routine follow-up in 2 weeks?,ROUTINE_CLINICIAN,Resolved,CONFIRMED,NONE,HIGH,DIALECT_ENGLISH
CASE-1156,Rural Clinic Visit Note: Patient completed course of antibiotics for urinary tract infection. Re-assess in a few days.,Re-assess in a few days,FOLLOWUP_TIME_MISSING,1,ROUTINE,Clarify the precise number of days before re-assessment.,ROUTINE_CLINICIAN,Resolved,CONFIRMED,NONE,HIGH,STANDARD_ENGLISH
CASE-1157,Post-operative suture care. Come back in 3 days. Return to clinic next month.,Come back in 3 days and next month,CONTRADICTORY_TIMING,1,ROUTINE,Confirm whether suture removal is at day 3 or 30 days.,ROUTINE_CLINICIAN,Resolved,CONFIRMED,NONE,HIGH,TRANSLATED_ENGLISH
CASE-1158,   ,N/A,MISSING_NOTE,1,ROUTINE,Clinical note contains only whitespace. Manual clinical review required.,MANUAL_REVIEW,Resolved,REJECTED,Other,EMPTY,TRANSLATED_ENGLISH
CASE-1159,Nurse Triage Note: Fungal skin infection on forearm. Apply anti-fungal ointment for a couple of days.,Apply ointment for a couple of days,VAGUE_DURATION,1,ROUTINE,"Specify exact duration of ointment application (e.g., 7 or 14 days).",ROUTINE_CLINICIAN,Resolved,CONFIRMED,NONE,HIGH,STANDARD_ENGLISH
CASE-1160,Persistent abdominal pain suspicious for gallstones. Consult specialist when appropriate.,Consult specialist when appropriate,UNCLEAR_SPECIALIST_REFERRAL,1,MODERATE,"Define referral criteria, target department (General Surgery/GI), and urgency timeline.",SENIOR_CLINICIAN,Resolved,CONFIRMED,NONE,HIGH,TRANSLATED_ENGLISH
CASE-1161,Mild osteoarthritis of right knee. Paracetamol 1g TDS prescribed as needed for pain. Follow up in 3 weeks at clinic.,Follow up in 3 weeks,NONE,0,ROUTINE,None required,NONE,Not Required,CONFIRMED,NONE,HIGH,DIALECT_ENGLISH
CASE-1162,Post-op wound check day 7. Wound healing cleanly with no signs of infection. Sutures removed. Next checkup in 10 days.,Checkup in 10 days,NONE,0,ROUTINE,None required,NONE,Not Required,CONFIRMED,NONE,HIGH,DIALECT_ENGLISH
CASE-1163,Patient started on antihypertensive therapy. Come back if symptoms get worse.,Come back if symptoms get worse,VAGUE_SYMPTOM_CONDITION,1,ROUTINE,What specific red-flag symptoms or BP thresholds define 'worse'?,ROUTINE_CLINICIAN,Resolved,CONFIRMED,NONE,HIGH,ENGLISH_NATIVE
CASE-1164,Patient with fluctuating blood glucose levels. Someone should review the patient.,Someone should review the patient,UNCLEAR_RESPONSIBILITY,1,ROUTINE,"Who (duty doctor, community health nurse, endocrinologist) is responsible for review?",ROUTINE_CLINICIAN,Resolved,CONFIRMED,NONE,HIGH,DIALECT_ENGLISH
CASE-1165,Consultation Summary: Acute chest pressure with radiation to left arm noted. Return if convenient.,Return if convenient despite acute chest pain,URGENCY_AMBIGUITY,1,HIGH,Urgency Conflict: Potential cardiac event with vague follow-up. Immediate emergency assessment required!,IMMEDIATE_URGENT_REVIEW,Resolved,ESCALATED,NONE,HIGH,STANDARD_ENGLISH
CASE-1166,pt revw in few dyas or wks if pain persist,pt revw few dyas,NOISY_NOTE,1,ROUTINE,Low-confidence text. Confirm exact follow-up interval and pain management plan.,ROUTINE_CLINICIAN,Resolved,MODIFIED,Specialist already contacted,NOISY,DIALECT_ENGLISH
CASE-1167,Rural Clinic Visit Note: Patient has worsening breathing difficulty. Review later.,Review later despite worsening dyspnea,URGENCY_AMBIGUITY,1,HIGH,Urgency Conflict: Severe respiratory symptom combined with delayed review. Immediate clinical evaluation required!,IMMEDIATE_URGENT_REVIEW,Resolved,ESCALATED,NONE,HIGH,DIALECT_ENGLISH
CASE-1168,Patient completed course of antibiotics for urinary tract infection. Re-assess in a few days.,Re-assess in a few days,FOLLOWUP_TIME_MISSING,1,ROUTINE,Clarify the precise number of days before re-assessment.,ROUTINE_CLINICIAN,Resolved,CONFIRMED,NONE,HIGH,TRANSLATED_ENGLISH
CASE-1169,,,MISSING_NOTE,1,ROUTINE,Clinical note is completely empty. Manual clinical review required before patient departure.,MANUAL_REVIEW,Resolved,REJECTED,Patient preference,EMPTY,STANDARD_ENGLISH
CASE-1170,Hypertension consultation. BP recorded at 135/85 mmHg. Continue daily Amlodipine 5mg. Schedule follow-up visit on 15 September.,Follow-up on 15 September,NONE,0,ROUTINE,None required,NONE,Not Required,CONFIRMED,NONE,HIGH,STANDARD_ENGLISH
CASE-1171,Consultation Summary: follw up aftr 3 dys if condtion worsn,follw up 3 dys,NOISY_NOTE,1,ROUTINE,Low-confidence transcription. Verify if 'follow up after 3 days if condition worsens' was intended.,ROUTINE_CLINICIAN,Resolved,MODIFIED,Already addressed,NOISY,ENGLISH_NATIVE
CASE-1172,Patient with chest congestion. Review tomorrow. Follow-up after two weeks.,Review tomorrow and after 2 weeks,CONTRADICTORY_TIMING,1,MODERATE,Resolve conflict: Is immediate review needed tomorrow or routine follow-up in 2 weeks?,ROUTINE_CLINICIAN,Resolved,CONFIRMED,NONE,HIGH,ENGLISH_NATIVE
CASE-1173,Patient presenting with lumbar muscle strain. Continue treatment for some time.,Continue treatment for some time,VAGUE_DURATION,1,ROUTINE,How many days or weeks should treatment be continued?,ROUTINE_CLINICIAN,Resolved,CONFIRMED,NONE,HIGH,ENGLISH_NATIVE
CASE-1174,Hypertension consultation. BP recorded at 135/85 mmHg. Continue daily Amlodipine 5mg. Schedule follow-up visit on 15 September.,Follow-up on 15 September,NONE,0,ROUTINE,None required,NONE,Not Required,CONFIRMED,NONE,HIGH,TRANSLATED_ENGLISH
CASE-1175,pt revw in few dyas or wks if pain persist,pt revw few dyas,NOISY_NOTE,1,ROUTINE,Low-confidence text. Confirm exact follow-up interval and pain management plan.,ROUTINE_CLINICIAN,Resolved,MODIFIED,Patient preference,NOISY,STANDARD_ENGLISH
CASE-1176,Consultation Summary: Suspected glaucoma with elevated intraocular pressure. Refer to specialist if necessary.,Refer to specialist if necessary,UNCLEAR_SPECIALIST_REFERRAL,1,MODERATE,Which specialist department (Ophthalmology) and under what exact criteria?,SENIOR_CLINICIAN,Resolved,CONFIRMED,NONE,HIGH,TRANSLATED_ENGLISH
CASE-1177,Patient presenting with mild eczema. Hydrocortisone cream applied. Return to rural health center in 2 weeks for reassessment.,Reassessment in 2 weeks,NONE,0,ROUTINE,None required,NONE,Not Required,CONFIRMED,NONE,HIGH,TRANSLATED_ENGLISH
CASE-1178,follw up aftr 3 dys if condtion worsn,follw up 3 dys,NOISY_NOTE,1,ROUTINE,Low-confidence transcription. Verify if 'follow up after 3 days if condition worsens' was intended.,ROUTINE_CLINICIAN,Resolved,MODIFIED,False positive,NOISY,ENGLISH_NATIVE
CASE-1179,Rural Clinic Visit Note: Post-op wound check day 7. Wound healing cleanly with no signs of infection. Sutures removed. Next checkup in 10 days.,Checkup in 10 days,NONE,0,ROUTINE,None required,NONE,Not Required,CONFIRMED,NONE,HIGH,ENGLISH_NATIVE
CASE-1180,chk BP agin latr nxt wk if high,chk BP latr,NOISY_NOTE,1,ROUTINE,Noisy input detected. Clarify exact target day and target blood pressure threshold.,ROUTINE_CLINICIAN,Resolved,MODIFIED,Other,NOISY,ENGLISH_NATIVE
CASE-1181,Nurse Triage Note: Mild osteoarthritis of right knee. Paracetamol 1g TDS prescribed as needed for pain. Follow up in 3 weeks at clinic.,Follow up in 3 weeks,NONE,0,ROUTINE,None required,NONE,Not Required,CONFIRMED,NONE,HIGH,TRANSLATED_ENGLISH
CASE-1182,Patient started on antihypertensive therapy. Come back if symptoms get worse.,Come back if symptoms get worse,VAGUE_SYMPTOM_CONDITION,1,ROUTINE,What specific red-flag symptoms or BP thresholds define 'worse'?,ROUTINE_CLINICIAN,Resolved,CONFIRMED,NONE,HIGH,TRANSLATED_ENGLISH
CASE-1183,Iron deficiency anemia. Take ferrous sulfate tablets for a while then review.,Take tablets for a while,VAGUE_DURATION,1,ROUTINE,What is the intended treatment duration before rechecking blood count?,ROUTINE_CLINICIAN,Resolved,CONFIRMED,NONE,MEDIUM,STANDARD_ENGLISH
CASE-1184,Patient consultation for chronic back pain. Follow-up in one week.,Follow-up in one week,MISSING_ACTION,1,ROUTINE,"What specific action (BP check, lab test, medication review) is required at follow-up?",ROUTINE_CLINICIAN,Resolved,CONFIRMED,NONE,HIGH,STANDARD_ENGLISH
CASE-1185,,,MISSING_NOTE,1,ROUTINE,Clinical note is completely empty. Manual clinical review required before patient departure.,MANUAL_REVIEW,Resolved,REJECTED,Other,EMPTY,ENGLISH_NATIVE
CASE-1186,Patient consultation for chronic back pain. Follow-up in one week.,Follow-up in one week,MISSING_ACTION,1,ROUTINE,"What specific action (BP check, lab test, medication review) is required at follow-up?",ROUTINE_CLINICIAN,Resolved,CONFIRMED,NONE,HIGH,TRANSLATED_ENGLISH
CASE-1187,Outpatient Record: Patient started on antihypertensive therapy. Come back if symptoms get worse.,Come back if symptoms get worse,VAGUE_SYMPTOM_CONDITION,1,ROUTINE,What specific red-flag symptoms or BP thresholds define 'worse'?,ROUTINE_CLINICIAN,Resolved,CONFIRMED,NONE,HIGH,DIALECT_ENGLISH
CASE-1188,Patient presenting with mild eczema. Hydrocortisone cream applied. Return to rural health center in 2 weeks for reassessment.,Reassessment in 2 weeks,NONE,0,ROUTINE,None required,NONE,Not Required,CONFIRMED,NONE,HIGH,TRANSLATED_ENGLISH
CASE-1189,Mild osteoarthritis of right knee. Paracetamol 1g TDS prescribed as needed for pain. Follow up in 3 weeks at clinic.,Follow up in 3 weeks,NONE,0,ROUTINE,None required,NONE,Not Required,CONFIRMED,NONE,HIGH,ENGLISH_NATIVE
CASE-1190,Patient diagnosed with acute pharyngitis. Amoxicillin 500mg prescribed for 7 days. Return to clinic in 5 days for review.,Review in 5 days,NONE,0,ROUTINE,None required,NONE,Not Required,CONFIRMED,NONE,HIGH,STANDARD_ENGLISH
CASE-1191,Hypertension consultation. BP recorded at 135/85 mmHg. Continue daily Amlodipine 5mg. Schedule follow-up visit on 15 September.,Follow-up on 15 September,NONE,0,ROUTINE,None required,NONE,Not Required,CONFIRMED,NONE,HIGH,DIALECT_ENGLISH
CASE-1192,Suspected glaucoma with elevated intraocular pressure. Refer to specialist if necessary.,Refer to specialist if necessary,UNCLEAR_SPECIALIST_REFERRAL,1,MODERATE,Which specialist department (Ophthalmology) and under what exact criteria?,SENIOR_CLINICIAN,Resolved,CONFIRMED,NONE,HIGH,DIALECT_ENGLISH
CASE-1193,Elevated blood pressure observed. Review scheduled for 10th August.,Review scheduled 10th August,MISSING_ACTION,1,ROUTINE,Identify required clinical procedure or test prior to review.,ROUTINE_CLINICIAN,Resolved,CONFIRMED,NONE,HIGH,TRANSLATED_ENGLISH
CASE-1194,Mild gastritis symptoms. Continue PPI medication as long as needed.,Continue PPI as long as needed,VAGUE_DURATION,1,ROUTINE,Define maximum treatment duration and clear review threshold.,ROUTINE_CLINICIAN,Resolved,CONFIRMED,NONE,HIGH,STANDARD_ENGLISH
CASE-1195,Mild bronchitis. Take cough syrup. Return to clinic if condition deteriorates.,Return if condition deteriorates,VAGUE_SYMPTOM_CONDITION,1,MODERATE,"Which specific signs (fever >38.5C, severe shortness of breath) constitute deterioration?",ROUTINE_CLINICIAN,Resolved,CONFIRMED,NONE,HIGH,TRANSLATED_ENGLISH
CASE-1196,Consultation Summary: Patient presenting with mild eczema. Hydrocortisone cream applied. Return to rural health center in 2 weeks for reassessment.,Reassessment in 2 weeks,NONE,0,ROUTINE,None required,NONE,Not Required,CONFIRMED,NONE,HIGH,DIALECT_ENGLISH
CASE-1197,Pediatric fever settled. See nurse next Monday.,See nurse next Monday,MISSING_ACTION,1,ROUTINE,"Specify the action needed (growth monitoring, repeat temperature check, vaccination).",ROUTINE_CLINICIAN,Resolved,CONFIRMED,NONE,HIGH,STANDARD_ENGLISH
CASE-1198,Mild gastritis symptoms. Continue PPI medication as long as needed.,Continue PPI as long as needed,VAGUE_DURATION,1,ROUTINE,Define maximum treatment duration and clear review threshold.,ROUTINE_CLINICIAN,Resolved,CONFIRMED,NONE,HIGH,ENGLISH_NATIVE
CASE-1199,Pediatric fever settled. See nurse next Monday.,See nurse next Monday,MISSING_ACTION,1,ROUTINE,"Specify the action needed (growth monitoring, repeat temperature check, vaccination).",ROUTINE_CLINICIAN,Resolved,CONFIRMED,NONE,HIGH,ENGLISH_NATIVE
CASE-1200,,,MISSING_NOTE,1,ROUTINE,Clinical note is completely empty. Manual clinical review required before patient departure.,MANUAL_REVIEW,Resolved,REJECTED,Specialist already contacted,EMPTY,TRANSLATED_ENGLISH
